ID,class_name,niveau,sexe,serveur,guild,guild_level,alliance_name,alignment_name,total_xp,jobs
Ludya,Pandawa,200,Femelle,Terra Cogita,-Dothrakis-,78,,,8801913259,{'Boulanger': 2}
Lusira,Cra,200,Femelle,Terra Cogita,-Dothrakis-,78,,,8789246580,
Enuwarrs,Enutrof,200,Femelle,Terra Cogita,Katoa,200,DESTIN DES LEGENDES,bonta,10168592100,"{'Mineur': 3, 'Tailleur': 1}"
Andrea-Pirlo,Steamer,200,Mâle,Terra Cogita,KOY,44,,,8340355188,
Ambitieeux,Ecaflip,200,Mâle,Terra Cogita,Les Jeunes Gens,41,NIRVANA,brakmar,11197703953,"{'Boulanger': 100, 'Chasseur': 100, 'Alchimiste': 80}"
Salba-nii,Eniripsa,200,Mâle,Terra Cogita,Celestial,60,DREAM TEAM,brakmar,8916319520,"{'Paysan': 60, 'Chasseur': 60}"
Xz-tharre,Sram,200,Femelle,Terra Cogita,Winamax,142,,bonta,10495172872,"{'Alchimiste': 94, 'Bijoutier': 29, 'Cordonnier': 22}"
Pawa-stigmate,Cra,200,Femelle,Terra Cogita,,,,bonta,9101140139,
Death-jinn,Zobal,200,Mâle,Terra Cogita,,,,,8366780933,
Death-fu,Pandawa,200,Mâle,Terra Cogita,,,,,8302587604,
Elyasc,Sram,200,Mâle,Terra Cogita,Nocturne,200,,brakmar,8390773871,
Azhh,Sadida,200,Femelle,Terra Cogita,,,,,8503199375,
Nabil-Iekradeux,Cra,200,Mâle,Terra Cogita,Radical Redemption,200,,,8709086735,
Pharmacie-Il,Eniripsa,200,Femelle,Terra Cogita,Crow-Zero,115,,,8273108978,{'Chasseur': 1}
Raall,Sram,200,Mâle,Terra Cogita,BlackMoon,153,,,8310897319,
Starwinn,Ecaflip,200,Mâle,Terra Cogita,Ta-Maman,121,,,8456724733,"{""Forgeur d'Epées"": 81, 'Mineur': 65, 'Façonneur': 60, ""Forgemage d'Epées"": 11}"
Raaliito,Ecaflip,200,Mâle,Terra Cogita,BlackMoon,153,,,8293861520,{'Paysan': 100}
Maxi-kychta,Enutrof,200,Femelle,Terra Cogita,Shurima',200,DESTIN DES LEGENDES,,8511960932,"{'Pêcheur': 82, 'Paysan': 75}"
La-Gifle,Sacrieur,200,Femelle,Terra Cogita,La Binouze,118,,,8952911802,"{'Mineur': 100, 'Pêcheur': 89, 'Poissonnier': 4}"
Raal-Xv,Roublard,200,Mâle,Terra Cogita,BlackMoon,153,,,8876365928,"{'Chasseur': 100, 'Forgemage de Dagues': 100, 'Forgemage de Marteaux': 100, 'Forgeur de Marteaux': 100, 'Forgeur de Dagues': 66}"
All-guignol,Pandawa,200,Femelle,Terra Cogita,Divergente,200,DESTIN DES LEGENDES,,8481461151,"{'Boucher': 100, 'Bûcheron': 100, 'Chasseur': 100}"
Transaction,Sacrieur,200,Femelle,Terra Cogita,D E M I G O D S,200,,brakmar,9528581714,
Maitre-Citron,Feca,200,Femelle,Terra Cogita,,,,,9460984360,"{'Bûcheron': 84, 'Bijoutier': 60, 'Chasseur': 53}"
Pascale-Obistro,Sadida,200,Femelle,Terra Cogita,PeakyBlinders,54,,,8267427360,
Alixandrian,Cra,200,Mâle,Terra Cogita,,,,,8326252817,"{'Paysan': 46, 'Boulanger': 10, 'Bricoleur': 1}"
Paix-narde,Iop,200,Mâle,Terra Cogita,Dark Glow,64,,,9690046111,
Avalokiteshvara,Sacrieur,200,Mâle,Terra Cogita,La Source Divine,59,L'ARCHE D'ALLIANCE,,9093051235,"{'Paysan': 100, 'Boulanger': 100, 'Costumage': 100, 'Tailleur': 95}"
Mille-cafeww,Feca,200,Femelle,Terra Cogita,,,,,8498970205,{'Chasseur': 41}
Shanks-Krate,Zobal,200,Femelle,Terra Cogita,,,,,8378473709,"{'Tailleur': 71, 'Chasseur': 65, 'Cordonnier': 51, 'Costumage': 49}"
Enc-Ulkhan,Cra,200,Femelle,Terra Cogita,New Laws,200,DESTIN DES LEGENDES,,8544894180,
Sbabir,Sacrieur,200,Femelle,Terra Cogita,Chaos-King's,200,PANDORE,,12230640470,"{'Mineur': 100, 'Chasseur': 100, 'Bûcheron': 100}"
San-Sark,Feca,200,Mâle,Terra Cogita,Osmo'z,200,PANDORE,,8419262556,"{'Sculpteur de Bâtons': 100, 'Sculptemage de Bâtons': 71, 'Forgeur de Dagues': 70, 'Forgemage de Dagues': 23}"
Kra-Purpred,Cra,200,Mâle,Terra Cogita,The Emperors,95,,brakmar,8377881338,"{'Bricoleur': 67, 'Tailleur': 13, 'Poissonnier': 1}"
Kaessy,Xelor,200,Femelle,Terra Cogita,,,,,8808051940,"{'Cordomage': 94, 'Bûcheron': 93, 'Alchimiste': 82, 'Pêcheur': 68}"
Princesse-Xenia,Eniripsa,200,Femelle,Terra Cogita,,,,,,
Youkisadi,Sadida,200,Femelle,Terra Cogita,,,,,8670895845,"{'Alchimiste': 100, 'Costumage': 100, 'Tailleur': 65, 'Bûcheron': 32}"
Quartzol,Sacrieur,200,Femelle,Terra Cogita,Skypiea',200,-AKATSUKI-,brakmar,9669533471,"{'Joaillomage': 100, 'Bricoleur': 100, 'Bijoutier': 100, 'Chasseur': 100}"
Anodiz,Cra,200,Femelle,Terra Cogita,HARAKIRI,200,,brakmar,10622659946,"{'Boucher': 66, 'Chasseur': 63, 'Pêcheur': 25}"
Kabukicho-Sensey,Ecaflip,200,Mâle,Terra Cogita,,,,bonta,8529146017,"{'Mineur': 39, 'Chasseur': 10, 'Bûcheron': 6}"
Aokijy,Ecaflip,200,Mâle,Terra Cogita,,,,bonta,11278821778,
Masha-x,Xelor,200,Femelle,Terra Cogita,Determination,133,DESTIN DES LEGENDES,,8265610800,
Guzziiagga,Xelor,200,Femelle,Terra Cogita,Osmo'z,200,PANDORE,,8410731284,
Guzziiaagaa,Steamer,200,Femelle,Terra Cogita,Osmo'z,200,PANDORE,,8460917140,{'Tailleur': 1}
Guzziagga,Cra,200,Femelle,Terra Cogita,Osmo'z,200,PANDORE,,8420276518,
Dwarderon,Cra,200,Mâle,Terra Cogita,Eclat-Celeste,163,PANDORE,brakmar,8447696965,"{'Chasseur': 100, 'Boucher': 100, 'Alchimiste': 83}"
Capra-Ibex,Feca,200,Femelle,Terra Cogita,NOVAE,200,PANDORE,,8990115497,
Cpt-Couetteblanche,Steamer,200,Femelle,Terra Cogita,,,,,8610139416,"{'Tailleur': 41, 'Bijoutier': 18, 'Pêcheur': 11}"
Parthenon,Sadida,200,Femelle,Terra Cogita,,,,,8351380740,
Malealfa,Pandawa,200,Femelle,Terra Cogita,CHAKRA,137,-AKATSUKI-,,8300021949,
Fae-shield,Feca,200,Femelle,Terra Cogita,Puenta Funeste,156,DESTIN DES LEGENDES,,8266277530,"{'Bricoleur': 8, 'Boucher': 1, 'Boulanger': 1}"
Gratosh,Sram,200,Mâle,Terra Cogita,,,,,8895919275,{'Chasseur': 100}
Bellaroz,Cra,200,Femelle,Terra Cogita,,,,,8719357189,"{'Mineur': 100, 'Cordonnier': 62, 'Chasseur': 62}"
Vanille-Bourbon,Steamer,200,Femelle,Terra Cogita,Shurima',200,DESTIN DES LEGENDES,,8363026247,
Achouff,Iop,200,Mâle,Terra Cogita,Les Insoumis,74,,,9534133595,"{'Mineur': 100, 'Forgeur de Pelles': 100}"
Arthur-elfique,Cra,200,Mâle,Terra Cogita,Cyclone,118,,,9774650117,"{'Boucher': 100, 'Façonneur': 100, 'Chasseur': 100}"
Nz-archange,Eniripsa,200,Mâle,Terra Cogita,Le Clan Campbell,182,PANDORE,,13044492859,
Santina,Sram,200,Femelle,Terra Cogita,Tchiki-Tchiki,200,PANDORE,,,
Masmar,Feca,200,Mâle,Terra Cogita,Name,200,ASC,,8448234292,
Inssouciante,Cra,200,Femelle,Terra Cogita,,,,,9586391687,{'Chasseur': 81}
Alcootize,Pandawa,200,Mâle,Terra Cogita,COBRA-KAI,81,,brakmar,12082992071,"{'Mineur': 100, 'Bûcheron': 100, 'Joaillomage': 100, 'Bijoutier': 95}"
Jak-tan,Feca,200,Mâle,Terra Cogita,,,,,8330233265,
Dracoser,Iop,200,Mâle,Terra Cogita,,,,bonta,8696318107,"{'Chasseur': 100, 'Boucher': 18, 'Paysan': 4}"
Skaeiri,Pandawa,200,Mâle,Terra Cogita,ESPRIT-ORANIUM,80,LES EXILES DE TERRA,,8531457164,
Zracomte,Zobal,200,Femelle,Terra Cogita,NOVAE,200,PANDORE,,8381557483,
Layster-Messii,Sram,200,Femelle,Terra Cogita,,,,,8547041214,
Ksv-Tsugoat,Pandawa,200,Mâle,Terra Cogita,KSV,46,,,9373864073,{'Façonneur': 50}
Palkial,Zobal,200,Femelle,Terra Cogita,Pase-Hyfic,200,DESTIN DES LEGENDES,brakmar,16799156591,
Shanelle-diamonds,Ecaflip,200,Femelle,Terra Cogita,CHAKRA,137,-AKATSUKI-,,10187785244,"{'Boulanger': 100, 'Pêcheur': 98, 'Tailleur': 17}"
Bb-akaremouse,Pandawa,200,Mâle,Terra Cogita,Secteur K,200,DESTIN DES LEGENDES,,,
Vladi-Blood,Iop,200,Mâle,Terra Cogita,,,,,9233281442,"{'Bricoleur': 36, 'Alchimiste': 21, 'Boucher': 1}"
Loups-blanc,Cra,200,Femelle,Terra Cogita,Puenta Funeste,156,DESTIN DES LEGENDES,,8370842009,"{'Chasseur': 100, 'Bûcheron': 85, 'Bricoleur': 25}"
Ayrra,Cra,200,Femelle,Terra Cogita,C O N S T E L L A T I O N,,,,8790175504,
Focus-Onhappiness,Cra,200,Femelle,Terra Cogita,Solong,70,,,8885831156,
Brigitte-Lahaie,Enutrof,200,Femelle,Terra Cogita,,,,,8276648480,
Ethan-dakwadala,Pandawa,200,Mâle,Terra Cogita,Le Sang,133,DESTIN SANGUINAIRE,,8847380352,"{'Boulanger': 100, 'Paysan': 100, 'Alchimiste': 100}"
Kiimayy,Osamodas,200,Femelle,Terra Cogita,,,,bonta,8388766569,
Azurios,Iop,200,Mâle,Terra Cogita,Az'house,48,,,12025101872,"{'Joaillomage': 100, 'Cordomage': 100, 'Costumage': 100, 'Tailleur': 100, 'Bijoutier': 100, 'Cordonnier': 100}"
Aorose,Zobal,200,Femelle,Terra Cogita,White Pearl,94,LE COMMANDEMENT,,8275895896,{'Bijoutier': 1}
Tespula,Feca,200,Femelle,Terra Cogita,the village people,75,,,8384053416,"{'Paysan': 21, 'Alchimiste': 1}"
Fours-Gana,Ecaflip,200,Mâle,Terra Cogita,the village people,75,,,9270481375,"{'Boulanger': 100, 'Paysan': 100, 'Façonneur': 15}"
Shukan-san,Osamodas,200,Mâle,Terra Cogita,,,,,8660847285,"{'Chasseur': 24, 'Boucher': 23, 'Pêcheur': 3}"
Car-millia,Cra,200,Mâle,Terra Cogita,,,,,8331661231,"{'Alchimiste': 65, 'Cordonnier': 37, 'Chasseur': 15}"
Bavettes,Zobal,200,Mâle,Terra Cogita,Watch,28,,bonta,8443018809,"{'Sculptemage de Baguettes': 100, 'Sculptemage de Bâtons': 100, 'Chasseur': 100, 'Sculpteur de Baguettes': 68, 'Sculpteur de Bâtons': 65}"
Inevax,Eniripsa,200,Mâle,Terra Cogita,,,,,8296635269,
Toku-acef,Feca,200,Mâle,Terra Cogita,The Family's,143,DESTIN DES LEGENDES,,8266808116,
Vaneria,Iop,200,Femelle,Terra Cogita,,,,,11220988098,"{'Boulanger': 100, 'Tailleur': 60, 'Alchimiste': 1}"
Bawai-gros,Osamodas,200,Mâle,Terra Cogita,P A N D O R E,33,,,8640905716,"{'Pêcheur': 23, 'Poissonnier': 1}"
Dleanx,Iop,200,Mâle,Terra Cogita,,,,bonta,36233184866,"{'Boulanger': 100, 'Alchimiste': 100, 'Paysan': 100}"
Zabilamouche,Enutrof,200,Mâle,Terra Cogita,,,,,10580453856,{'Alchimiste': 86}
Kcd-qksakafoutr,Cra,200,Femelle,Terra Cogita,Legacy,200,-AKATSUKI-,,,
Renegats,Osamodas,200,Mâle,Terra Cogita,,,,bonta,17185051966,
Kharvaach,Cra,200,Mâle,Terra Cogita,,,,,9614092143,"{""Sculpteur d'Arcs"": 36, 'Façonneur': 22}"
Omega-Vulbiss,Pandawa,200,Femelle,Terra Cogita,,,,,13385388604,"{'Paysan': 24, 'Boulanger': 1, 'Sculpteur de Bâtons': 1}"
Cariio,Feca,200,Femelle,Terra Cogita,clipper,64,,,8531001253,"{'Pêcheur': 8, 'Poissonnier': 1}"
Ark-toublan,Cra,200,Mâle,Terra Cogita,,,,,8316849736,"{'Boulanger': 100, 'Boucher': 100, 'Chasseur': 100}"
Sano-levrai,Xelor,200,Femelle,Terra Cogita,,,,,8458924028,
Cyberia,Feca,200,Mâle,Terra Cogita,Amnezia,200,PANDORE,,8652255378,
Stiyam,Steamer,200,Femelle,Terra Cogita,NOVAE,200,PANDORE,,8391279402,
Iya-buum,Roublard,200,Femelle,Terra Cogita,NOVAE,200,PANDORE,,9186081461,"{'Forgemage de Dagues': 100, 'Cordomage': 100, 'Bûcheron': 100, 'Forgeur de Dagues': 69, 'Cordonnier': 66}"
Darck-lux,Eniripsa,200,Femelle,Terra Cogita,,,,brakmar,9147090209,"{'Joaillomage': 100, 'Bijoutier': 69, 'Cordonnier': 9, 'Mineur': 1}"
Manny-Il,Pandawa,200,Femelle,Terra Cogita,Les Affranchis,56,O U R A G A N,,8265769700,
Mami-Nrv,Enutrof,200,Femelle,Terra Cogita,SARRASIN,104,,bonta,9433259629,"{'Paysan': 100, 'Chasseur': 100, 'Pêcheur': 100}"
Lafilledelombre,Pandawa,200,Femelle,Terra Cogita,-  Madness  -,200,-AKATSUKI-,,8452919253,
Rastafaraille,Sram,200,Mâle,Terra Cogita,Puenta Funeste,156,DESTIN DES LEGENDES,bonta,9423729651,"{'Bricoleur': 100, 'Mineur': 100, 'Bûcheron': 100}"
Ox-Bijita,Ecaflip,200,Femelle,Terra Cogita,Acablant,200,SMOK,brakmar,8688436415,"{'Bijoutier': 21, 'Façonneur': 21, 'Alchimiste': 1}"
Panngea,Iop,200,Femelle,Terra Cogita,,,,,8315178652,"{'Boulanger': 100, 'Alchimiste': 100, 'Paysan': 100}"
Ajaa,Ecaflip,200,Mâle,Terra Cogita,K-ASA,165,DESTIN DES LEGENDES,,8352348607,"{'Paysan': 100, 'Boulanger': 100, 'Chasseur': 58}"
Bakkattaa,Ecaflip,200,Mâle,Terra Cogita,KingRomania,9,THEKINGSMASTER'S,,8815297491,"{'Boucher': 38, 'Forgeur de Haches': 1}"
Robisaoul,Pandawa,200,Femelle,Terra Cogita,Knight,95,-AKATSUKI-,,8279924790,
Pandouf,Pandawa,200,Mâle,Terra Cogita,Sorceleurs,107,LES YONKO,,9217207034,"{'Paysan': 26, 'Pêcheur': 17, 'Boulanger': 1}"
Kaiylin,Eniripsa,200,Femelle,Terra Cogita,,,,bonta,11528220475,
Fumepas,Sacrieur,200,Mâle,Terra Cogita,Chaos-King's,200,PANDORE,bonta,24507268500,
Tructollipsa,Sacrieur,200,Femelle,Terra Cogita,Amnezia,200,PANDORE,,9031748734,"{'Alchimiste': 100, 'Paysan': 100, 'Chasseur': 100}"
Aliphera,Iop,200,Femelle,Terra Cogita,Les Lamas,200,PANDORE,brakmar,13217992219,"{'Alchimiste': 100, 'Boulanger': 100, 'Bûcheron': 100}"
Arciandre,Cra,200,Femelle,Terra Cogita,Crapulerie,45,MAFIA DU DRAPEAU NOIR,,8283710184,"{'Alchimiste': 52, 'Paysan': 12, 'Bûcheron': 2}"
Salk-heal,Eniripsa,200,Mâle,Terra Cogita,Perfect Z,200,PANDORE,,8551571301,"{'Pêcheur': 64, 'Poissonnier': 41}"
Trafadawa,Pandawa,200,Femelle,Terra Cogita,Secteur K,200,DESTIN DES LEGENDES,,9404584549,
Lystra,Cra,200,Femelle,Terra Cogita,Les Lamas,200,PANDORE,bonta,18142496297,"{'Paysan': 100, 'Alchimiste': 100, 'Boulanger': 100}"
Gibratar,Cra,200,Mâle,Terra Cogita,,,,,13700786492,
Osward-Kall,Zobal,200,Femelle,Terra Cogita,Puenta Funeste,156,DESTIN DES LEGENDES,bonta,15096963537,"{'Alchimiste': 1, 'Cordonnier': 1}"
Mysganx,Pandawa,200,Mâle,Terra Cogita,Skypiea',200,-AKATSUKI-,,10481872688,"{'Boulanger': 100, 'Alchimiste': 100, 'Paysan': 53}"
Bigblack-Clock,Sacrieur,200,Mâle,Terra Cogita,Coca-Cola,200,-AKATSUKI-,,9370501673,{'Chasseur': 1}
Lframli,Eniripsa,200,Mâle,Terra Cogita,K-ASA,165,DESTIN DES LEGENDES,bonta,10345974748,"{'Pêcheur': 100, 'Chasseur': 96, 'Alchimiste': 45}"
Tanjiiro-Kamado,Pandawa,200,Mâle,Terra Cogita,Skypiea',200,-AKATSUKI-,,8392892002,"{'Sculptemage de Baguettes': 100, 'Sculpteur de Baguettes': 67, ""Sculpteur d'Arcs"": 14}"
Devious-angel,Sram,200,Femelle,Terra Cogita,,,,,8667406915,"{'Forgeur de Marteaux': 11, ""Forgeur d'Epées"": 1, 'Forgeur de Haches': 1}"
Princessa-Who,Iop,200,Femelle,Terra Cogita,,,,,8431520805,"{'Bijoutier': 65, 'Cordonnier': 62, 'Joaillomage': 34, 'Tailleur': 24}"
Branshee,Sadida,200,Mâle,Terra Cogita,,,,,9752658750,"{'Alchimiste': 100, 'Cordonnier': 100, 'Bijoutier': 100, 'Joaillomage': 25, 'Cordomage': 1}"
Lenny-Cafew,Feca,200,Mâle,Terra Cogita,Medellin,68,,,17459300239,"{'Forgeur de Pelles': 11, 'Paysan': 1}"
Muzan-Kiibutsujii,Osamodas,200,Mâle,Terra Cogita,DEMON DES ARENE,200,-AKATSUKI-,,11108985633,"{'Mineur': 71, 'Forgeur de Marteaux': 39, 'Forgeur de Haches': 10}"
Blayzes,Iop,200,Mâle,Terra Cogita,Shurima',200,DESTIN DES LEGENDES,brakmar,9361420989,"{'Paysan': 1, 'Tailleur': 1}"
Sragnarok,Sram,200,Mâle,Terra Cogita,Puenta Funeste,,,,,
Fa-ux,Eniripsa,200,Femelle,Terra Cogita,Sylphe SARL,40,TEAM ROCKET,,8686981253,
Blanc-jack,Ecaflip,200,Mâle,Terra Cogita,,,,,8299777358,
Francissou-Il,Pandawa,200,Mâle,Terra Cogita,,,,,9090512462,
Slanord,Eniripsa,200,Femelle,Terra Cogita,Skypiea',200,-AKATSUKI-,,15813331120,"{""Forgeur d'Epées"": 60}"
Kobayakawa,Zobal,200,Mâle,Terra Cogita,Les Lamas,200,PANDORE,,12391487007,
Leynaah,Sacrieur,200,Femelle,Terra Cogita,La Vida Loca,31,,,8608578640,{'Façonneur': 19}
Nexica,Cra,200,Mâle,Terra Cogita,TerraNostra,118,,,8683901042,"{'Chasseur': 100, 'Paysan': 100, 'Pêcheur': 99}"
Goodguyalex,Feca,200,Femelle,Terra Cogita,,,,,8503021365,"{'Paysan': 62, 'Bijoutier': 28}"
Aokiji-ioop,Iop,200,Mâle,Terra Cogita,,,,,8291101153,"{'Tailleur': 78, 'Costumage': 45, 'Chasseur': 17, 'Bricoleur': 5}"
Portafaux,Ecaflip,200,Mâle,Terra Cogita,,,,brakmar,10673240530,
Khamem,Enutrof,200,Mâle,Terra Cogita,,,,,8649817203,"{'Bijoutier': 65, 'Joaillomage': 60, 'Bricoleur': 45, ""Forgeur d'Epées"": 1}"
Spi-nash,Sram,200,Femelle,Terra Cogita,Snowflake,200,DESTIN DES LEGENDES,,8320420110,"{'Chasseur': 1, 'Cordonnier': 1}"
Skefa-Arc,Cra,200,Mâle,Terra Cogita,The Family's,143,DESTIN DES LEGENDES,,9411997844,"{'Cordomage': 100, 'Cordonnier': 66, 'Bijoutier': 66, 'Façonneur': 61, 'Joaillomage': 46}"
Claque-Ottomane,Ecaflip,200,Mâle,Terra Cogita,,,,,8772598205,"{'Bijoutier': 31, 'Tailleur': 18, 'Cordonnier': 1}"
Airplanes,Feca,200,Mâle,Terra Cogita,,,,brakmar,9227122725,"{'Cordomage': 100, 'Joaillomage': 100, 'Costumage': 100, 'Bijoutier': 100, 'Tailleur': 100, 'Mineur': 59}"
Lumbijack,Sram,200,Mâle,Terra Cogita,La Distillerie,159,SMOK,,9840882003,"{'Paysan': 100, 'Boulanger': 100, 'Joaillomage': 100, 'Bijoutier': 65}"
Walkeurs,Roublard,200,Femelle,Terra Cogita,,,,bonta,10208864106,"{'Joaillomage': 100, 'Costumage': 100, 'Cordomage': 100, 'Tailleur': 100, 'Cordonnier': 100, 'Bijoutier': 100}"
Healdyers,Eniripsa,200,Mâle,Terra Cogita,Fury,55,,,9920267466,
Tetraphobie,Enutrof,200,Femelle,Terra Cogita,,,,,8826103346,"{'Chasseur': 49, 'Mineur': 14}"
Azahiir,Sacrieur,200,Mâle,Terra Cogita,Acablant,200,SMOK,,8748283159,
Naydee,Sram,200,Femelle,Terra Cogita,Renaissance,146,DESTIN DES LEGENDES,,9055327046,"{'Alchimiste': 64, 'Bûcheron': 59, 'Cordonnier': 15}"
Xelathium,Pandawa,200,Mâle,Terra Cogita,-DEADLY SINS-,104,PARADOX,,9016345720,{'Tailleur': 1}
Valakh,Ecaflip,200,Mâle,Terra Cogita,Acablant,200,SMOK,,8544083285,
Famax-Xx,Eniripsa,200,Mâle,Terra Cogita,,,,bonta,,
Dark-enlo,Ecaflip,200,Mâle,Terra Cogita,Sponsor-Offi,41,,bonta,10285418049,"{'Paysan': 100, 'Boulanger': 100, 'Alchimiste': 100}"
Fancine,Cra,200,Femelle,Terra Cogita,Winamax,142,,,12336049479,
Yvannah,Sram,200,Femelle,Terra Cogita,,,,bonta,10115704839,"{'Forgemage de Dagues': 100, ""Forgemage d'Epées"": 100, ""Forgeur d'Epées"": 70, 'Forgeur de Dagues': 65, 'Bijoutier': 60}"
Axolack-Oku,Sadida,200,Mâle,Terra Cogita,Les sanguinaires,73,,bonta,10636708997,"{'Boulanger': 100, 'Paysan': 100, 'Alchimiste': 100}"
Daddy-Slayer,Sacrieur,200,Mâle,Terra Cogita,-  Madness  -,200,-AKATSUKI-,,8568742132,"{'Cordonnier': 1, 'Bûcheron': 1}"
Amateratsu-Ill,Sram,200,Mâle,Terra Cogita,,,,,10434670129,
Benji-testa,Pandawa,200,Mâle,Terra Cogita,A P O L L O,200,-AKATSUKI-,,8282734526,"{'Mineur': 2, 'Alchimiste': 1, 'Poissonnier': 1}"
Extreme-balise,Cra,200,Femelle,Terra Cogita,B u r b e r r y,51,,,9376172419,"{'Chasseur': 100, 'Boucher': 100}"
Nkaynn,Feca,200,Mâle,Terra Cogita,,,,,8402868647,
Dr-Frankie,Steamer,200,Mâle,Terra Cogita,ORGAM'S,104,-AKATSUKI-,,8300442071,
Deyana,Pandawa,200,Femelle,Terra Cogita,,,,,8410135427,"{'Boucher': 100, 'Joaillomage': 100, 'Chasseur': 100, 'Bijoutier': 100}"
Mega-Zzord,Feca,200,Femelle,Terra Cogita,Ray-Ban,29,,,9606376335,"{'Chasseur': 100, 'Boucher': 100, 'Tailleur': 44}"
Arouf-partt,Iop,200,Mâle,Terra Cogita,New Laws,200,DESTIN DES LEGENDES,,8534010386,{'Chasseur': 39}
Saka-rien,Sacrieur,200,Mâle,Terra Cogita,Shurima',,,,,
Goyard-d,Sadida,200,Femelle,Terra Cogita,Hagra Time,,,,,
Weyrax,Ecaflip,200,Mâle,Terra Cogita,La Bagarre,,,,,
Ya-mato,Cra,200,Femelle,Terra Cogita,,,,,,
Davay,Ecaflip,200,Mâle,Terra Cogita,Les Lamas,,,,,
Un-pasdeux,Iop,200,Femelle,Terra Cogita,Hell Paradise,,,,,
Medear,Eniripsa,200,Mâle,Terra Cogita,,,,,,
Lennybarrh,Sram,200,Mâle,Terra Cogita,Old Dirty Bastards,,,,,
Commandore,Zobal,200,Mâle,Terra Cogita,,,,,,
Leahcim,Iop,200,Mâle,Terra Cogita,,,,,,
Mononokaii,Zobal,200,Mâle,Terra Cogita,Chaos-King's,,,,,
Hilatize,Iop,200,Mâle,Terra Cogita,,,,,,
Lyalui,Osamodas,200,Mâle,Terra Cogita,Paramecia,,,,,
Skymoura,Pandawa,200,Mâle,Terra Cogita,La Kalash,,,,,
Taowa,Enutrof,200,Femelle,Terra Cogita,--La Piraterie--,,,,,
Spas-fonn,Enutrof,200,Femelle,Terra Cogita,HARAKIRI,,,,,
Pok-Tank,Feca,200,Femelle,Terra Cogita,,,,,,
Mariejuana-l,Sram,200,Femelle,Terra Cogita,,,,,,
Gerant-dureseau,Sram,200,Mâle,Terra Cogita,Amnezia,,,,,
Comtesse-Chaotique,Osamodas,200,Femelle,Terra Cogita,,,,,,
Gaheal,Eniripsa,200,Femelle,Terra Cogita,,,,,,
Jesappel-Isback,Iop,200,Mâle,Terra Cogita,SARRASIN,,,,,
Aroufa-Calopsittah,Enutrof,200,Mâle,Terra Cogita,SARRASIN,,,,,
Tak-Oche,Pandawa,200,Mâle,Terra Cogita,D I V I N,,,,,
Dystopia-Bx,Sacrieur,200,Mâle,Grandapan,Magna,200,PESCANDO SAPOS GORDOS,,,
Bxlestrange,Iop,200,Femelle,Terra Cogita,,,,,9419575887,"{'Bricoleur': 79, 'Bijoutier': 4}"
Zoubxel,Steamer,200,Mâle,Oshimo,Upside Down,55,STRANGER KIDS,,8285762703,{'Mineur': 11}
Obxus,Sram,200,Mâle,Brutas,Nibelheim,200,VIP,brakmar,8716503412,"{'Cordomage': 100, 'Cordonnier': 65, 'Bricoleur': 56, 'Alchimiste': 4}"
Noobxs,Feca,200,Mâle,Brutas,,,,bonta,10864317703,"{'Bricoleur': 49, 'Chasseur': 40, 'Bûcheron': 25}"
Noubx,Eniripsa,200,Femelle,Oshimo,Upside Down,55,STRANGER KIDS,,8366399569,"{'Chasseur': 60, 'Forgeur de Haches': 24, 'Mineur': 5}"
Uubx,Pandawa,200,Mâle,Herdegrize,Dofuxiia,47,LA SAINTE CROISADE,brakmar,8706792745,"{'Forgeur de Pelles': 100, 'Mineur': 100, 'Forgemage de Pelles': 100, 'Forgeur de Dagues': 40}"
Subxet,Steamer,200,Mâle,Brutas,,,,bonta,13866097030,"{'Alchimiste': 100, 'Bûcheron': 100, 'Paysan': 100, 'Sculptemage de Baguettes': 15}"
Dybala-Bxl,Roublard,200,Femelle,Herdegrize,,,,,8295664815,
Zoobx,Zobal,200,Mâle,Brutas,,,,,8726191231,{'Bûcheron': 1}
Zubxero,Steamer,200,Femelle,Brutas,-DEATH NOTE-,21,UNO PORCIENTO,,9234906114,"{'Forgeur de Dagues': 1, 'Poissonnier': 1, ""Sculpteur d'Arcs"": 1}"
Zoubx,Zobal,200,Mâle,Oshimo,Upside Down,55,STRANGER KIDS,bonta,11140900781,"{'Boulanger': 100, 'Alchimiste': 100, 'Paysan': 100}"
Bx-Anu,Enutrof,200,Mâle,Dodge,,,,,8346944296,"{'Pêcheur': 13, 'Chasseur': 1}"
Gabx-Caroo,Eniripsa,200,Mâle,Brutas,-Privilege-,200,LOYALTY,brakmar,10834128893,
Kbx-scarface,Feca,200,Mâle,Oshimo,' Honoris,139,,,8496267169,
Jobx,Steamer,200,Mâle,Brutas,Nibelheim,200,VIP,,8918580072,"{'Forgemage de Dagues': 100, 'Forgeur de Dagues': 100, 'Boulanger': 100, 'Bûcheron': 100}"
Sazoubx,Sacrieur,195,Femelle,Oshimo,Upside Down,55,STRANGER KIDS,bonta,5471316258,{'Forgeur de Dagues': 1}
Mobx,Osamodas,195,Femelle,Brutas,,,,,5710664179,"{'Boulanger': 100, 'Alchimiste': 100, 'Chasseur': 61}"
Queenbx,Osamodas,193,Femelle,Herdegrize,,,,,5030802666,{'Alchimiste': 23}
Bxb-Tatsumy,Sram,193,Femelle,Brutas,R I O T,139,,,5061158698,"{'Mineur': 100, 'Pêcheur': 100, 'Poissonnier': 100}"
Obxidian,Xelor,192,Femelle,Brutas,REDLINE,99,,bonta,4465798533,"{'Boulanger': 100, 'Alchimiste': 92, 'Paysan': 76}"
Scoobx,Eniripsa,189,Mâle,Brutas,Vampiros De Leche,47,,,3611839426,{'Chasseur': 40}
Bx-hell,Feca,186,Mâle,Oshimo,,,,,3089598300,"{'Chasseur': 63, 'Boucher': 59, 'Alchimiste': 44}"
Dibx,Enutrof,185,Femelle,Dodge,Tight,200,AFTERLIFE,,2823425234,
Bxtians,Zobal,184,Mâle,Brutas,,,,,2717436548,
Babxx,Pandawa,173,Mâle,Herdegrize,,,,,1924005793,
Clonaa-acabx,Feca,172,Femelle,Brutas,Elite VIP,96,VIP,,1843178558,"{'Mineur': 96, 'Tailleur': 16, 'Bijoutier': 3}"
Sacri-rbx,Sacrieur,172,Mâle,Oshimo,saint-tanakoui,38,EDEN ZERO CUIRIASSER,,1866706730,
Bxhell,Sram,166,Mâle,Dodge,,,,,1543434802,
Bx-Madlife,Feca,166,Femelle,Oshimo,,,,,1512219974,"{'Bûcheron': 41, 'Alchimiste': 35, 'Mineur': 12}"
Rubxyy,Eniripsa,165,Femelle,Brutas,,,,,1465223456,{'Paysan': 3}
Babxz,Enutrof,163,Mâle,Herdegrize,,,,brakmar,1395187801,"{'Chasseur': 40, 'Boucher': 4}"
Lihwak-bxl,Sacrieur,162,Mâle,Oshimo,,,,,1351687789,
Barbx,Feca,161,Femelle,Oshimo,Les guerriers d'Oshimoo,38,,,1320771110,"{'Chasseur': 31, 'Boucher': 30}"
Roubxi,Roublard,156,Mâle,Terra Cogita,Loup Gris,71,,,1096589562,
Anubxs,Ecaflip,151,Mâle,Brutas,,,,,931236230,"{'Alchimiste': 35, 'Forgeur de Dagues': 19, 'Tailleur': 1}"
Bxcity,Cra,146,Mâle,Herdegrize,prosperite,58,,,799035643,"{'Boulanger': 24, 'Paysan': 12, 'Poissonnier': 1}"
Big-Bxx,Iop,144,Mâle,Terra Cogita,The-cook,64,DREAM TEAM,,735250696,"{'Bûcheron': 58, 'Sculpteur de Bâtons': 6}"
Cbx-escudo,Feca,143,Mâle,Brutas,,,,,710578902,"{'Boucher': 32, 'Chasseur': 32}"
Obxy,Sadida,143,Femelle,Brutas,,,,brakmar,707326236,"{'Tailleur': 65, 'Costumage': 22, 'Cordonnier': 1}"
Sos-noobxd,Sram,137,Mâle,Brutas,ManKolis,78,REY DEL GOULTARMINATOR,bonta,580969194,{'Tailleur': 1}
Bibxx,Pandawa,135,Mâle,Oshimo,Les Pourfendeurs,83,MALLA,,546470257,
Subx-Zero,Cra,131,Mâle,Terra Cogita,,,,bonta,465121703,{'Tailleur': 1}
Obxxy,Ecaflip,130,Mâle,Brutas,,,,brakmar,455486527,
Rbx-panda,Pandawa,130,Mâle,Oshimo,,,,,452114303,
Vabx,Iop,126,Mâle,Herdegrize,L U C I F E R,36,HASTA LA VISTA BABY BOOOM,,388827913,"{'Boulanger': 42, 'Paysan': 40}"
Bobxs,Steamer,124,Mâle,Terra Cogita,,,,,363391441,"{'Alchimiste': 31, 'Paysan': 13, 'Boulanger': 13}"
Snoobx-Panto,Sadida,121,Mâle,Brutas,,,,,332504742,
Time-bombx,Roublard,119,Femelle,Grandapan,Majjikal,54,FORZA,,298986488,"{'Bijoutier': 60, 'Tailleur': 22, 'Mineur': 22}"
Xsaabx,Cra,113,Femelle,Brutas,,,,brakmar,238510318,"{'Paysan': 18, 'Alchimiste': 6, 'Mineur': 3}"
Dubx,Sadida,112,Mâle,Brutas,,,,,235805675,
Bx-one,Iop,108,Mâle,Oshimo,Delirium,104,GENERATION TARTEAM,,202501304,
Obxx,Iop,108,Mâle,Terra Cogita,,,,,197702512,{'Forgeur de Haches': 17}
Akashibxl,Ecaflip,105,Mâle,Oshimo,,,,,176815188,"{'Boulanger': 100, 'Paysan': 69}"
Baarbx,Cra,103,Femelle,Oshimo,,,,,158737820,
Thegabx,Eniripsa,95,Femelle,Brutas,,,,,114480110,"{'Boulanger': 100, 'Alchimiste': 64, 'Mineur': 8}"
Joubx,Pandawa,88,Mâle,Oshimo,,,,,82725103,"{""Sculpteur d'Arcs"": 11}"
Clonaa-acabxx,Iop,85,Femelle,Brutas,,,,,71033740,
Xstirbx,Sram,79,Femelle,Brutas,,,,,52111383,{'Alchimiste': 49}
Zoobx-xx,Iop,79,Femelle,Brutas,,,,,51215700,
Sub-Zobx,Iop,79,Mâle,Brutas,,,,,52762663,
Terroristadobx,Ecaflip,73,Mâle,Brutas,,,,,36650430,{'Mineur': 1}
Bxn-Kyana,Iop,71,Mâle,Oshimo,,,,,32516792,
Elbobbxy,Osamodas,67,Femelle,Brutas,,,,,25717099,
Ghost-zobx,Zobal,67,Mâle,Brutas,,,,,26673693,
Zoubx-dezero,Iop,62,Femelle,Oshimo,,,,,18689128,
Rbx-nini,Eniripsa,61,Mâle,Oshimo,,,,,17799246,"{'Boulanger': 1, 'Paysan': 1}"
Bx-trem,Ecaflip,51,Mâle,Oshimo,,,,,7733450,"{'Paysan': 1, 'Chasseur': 1}"
Popeyebxl,Sadida,46,Mâle,Oshimo,,,,,4970924,"{'Boulanger': 96, 'Paysan': 44}"
Lixng-sombx,Ecaflip,45,Mâle,Grandapan,,,,,,
Roubxx,Roublard,44,Femelle,Oshimo,Upside Down,55,STRANGER KIDS,,3982960,
Delta-Bxz,Osamodas,44,Mâle,Brutas,,,,,3572425,"{'Paysan': 14, 'Boulanger': 4}"
Luls-Bbx,Osamodas,44,Mâle,Brutas,,,,,3756074,"{'Bûcheron': 50, 'Forgeur de Dagues': 9, 'Paysan': 3}"
Itactos-gbx,Xelor,42,Mâle,Brutas,,,,,3101910,
Noobx,Ecaflip,38,Mâle,Grandapan,,,,,1826297,
Jogane-Subxy,Cra,37,Mâle,Terra Cogita,,,,,1647623,"{'Alchimiste': 1, 'Boulanger': 1}"
Bx-Bilex,Iop,37,Mâle,Herdegrize,,,,,1562646,
Bxanet-Weedo,Feca,36,Femelle,Herdegrize,,,,,1507014,
Pruebxas,Feca,36,Mâle,Brutas,-Silent Night-,200,LOYALTY,,1463324,
Zozobx,Zobal,33,Femelle,Oshimo,,,,,1055361,
Tymabombx,Roublard,33,Mâle,Brutas,,,,,987067,"{'Paysan': 1, 'Poissonnier': 1}"
Kyoubx,Iop,32,Femelle,Terra Cogita,,,,,925305,
Bx-Bmix,Feca,32,Mâle,Herdegrize,,,,,927897,
Moncho-sbxelo,Xelor,32,Mâle,Brutas,,,,,909830,
Karl-Bx,Iop,31,Mâle,Terra Cogita,,,,,817432,
Maison-noubx,Roublard,31,Femelle,Oshimo,Upside Down,55,STRANGER KIDS,,774742,
Vuvllaniibx,Pandawa,28,Mâle,Terra Cogita,,,,,,
Ichithombx,Steamer,27,Mâle,Grandapan,,,,,,
Balt-Bombx,Sadida,27,Mâle,Grandapan,,,,,,
Robzombx,Sadida,27,Mâle,Grandapan,,,,,,
Obx,Iop,26,Mâle,Terra Cogita,,,,,477240,
Bx-hunchea,Sram,25,Mâle,Oshimo,,,,,,
Resbombx,Osamodas,25,Mâle,Grandapan,,,,,,
Bombx-Doom,Sadida,25,Mâle,Grandapan,,,,,,
Merla-Zobbx,Sadida,25,Mâle,Herdegrize,,,,,,
Fabx,Ecaflip,24,Mâle,Herdegrize,,,,,334292,
Zobbx,Sadida,24,Mâle,Herdegrize,,,,,,
Itsabxd,Steamer,23,Mâle,Brutas,,,,,,
Kibx,Sadida,21,Femelle,Oshimo,,,,,216955,
Itachibx,Enutrof,19,Mâle,Oshimo,,,,,,
Tibxx,Iop,17,Mâle,Oshimo,,,,,,
Loveusebx,Pandawa,17,Femelle,Oshimo,,,,,,
Drabx,Cra,16,Mâle,Herdegrize,,,,,,
El-Noobx,Steamer,15,Mâle,Brutas,,,,,,
Gabx-Lm,Eniripsa,12,Femelle,Grandapan,,,,,,
Bx-rom,Feca,11,Mâle,Herdegrize,,,,,,
Ybx,Iop,11,Femelle,Herdegrize,,,,,,
Mickeybx,Enutrof,7,Mâle,Oshimo,,,,,,
Jbx-Noo,Cra,7,Mâle,Terra Cogita,,,,,,
Abxuzcam,Xelor,6,Mâle,Brutas,,,,,,
Sabx,Ecaflip,5,Mâle,Grandapan,,,,,,
Enzolbx,Iop,4,Mâle,Terra Cogita,,,,,,
Ercanoobx,Iop,4,Mâle,Brutas,,,,,,
Burberry-Bx,Xelor,4,Mâle,Brutas,,,,,,
Lajdbakbx,Eniripsa,4,Femelle,Grandapan,,,,,,
Oriibxl,Iop,4,Mâle,Herdegrize,,,,,,
Subxluxuss,Sadida,3,Mâle,Terra Cogita,,,,,,
Bxkaka,Steamer,3,Mâle,Terra Cogita,,,,,,
Giboom-Combx,Iop,3,Mâle,Grandapan,,,,,,
Bxlandryn,Enutrof,3,Mâle,Oshimo,,,,,,
King-Babxr,Cra,3,Mâle,Herdegrize,,,,,,
Hfuxbx,Xelor,3,Femelle,Terra Cogita,,,,,,
Sabxel,Xelor,3,Mâle,Terra Cogita,,,,,,
Bxleek,Cra,3,Femelle,Terra Cogita,,,,,,
Holithombx,Sadida,2,Femelle,Grandapan,,,,,,
Pronoobx,Feca,2,Mâle,Grandapan,,,,,,
Akudgebxoevxi,Pandawa,2,Mâle,Grandapan,,,,,,
Facubx,Steamer,2,Mâle,Brutas,,,,,,
Ronhifbx,Cra,2,Mâle,Herdegrize,,,,,,
Gabx-Cank,Osamodas,2,Mâle,Brutas,,,,,,
Wabx,Pandawa,2,Mâle,Dodge,,,,,,
Sebbx,Iop,1,Mâle,Grandapan,,,,,,
Fabxs,Eniripsa,1,Femelle,Brutas,,,,,,
Bxho,Feca,1,Femelle,Grandapan,,,,,,
Eliotbx,Osamodas,1,Mâle,Oshimo,,,,,,
Isiris-Zobbx,Eniripsa,1,Mâle,Herdegrize,,,,,,
Jeuzidbx,Zobal,1,Mâle,Herdegrize,,,,,,
Usbxosond,Osamodas,1,Femelle,Grandapan,,,,,,
Bxahkadra,Iop,1,Mâle,Grandapan,,,,,,
Jebxn,Iop,1,Mâle,Oshimo,,,,,,
Tomi-Rbx,Feca,1,Mâle,Oshimo,,,,,,
Wheily,Eniripsa,200,Femelle,Terra Cogita,K-ASA,165,DESTIN DES LEGENDES,,10181883284,
Lefeinteur,Iop,200,Femelle,Terra Cogita,,,,brakmar,10980163008,"{'Alchimiste': 82, 'Bijoutier': 67, 'Chasseur': 55, 'Joaillomage': 42}"
Chimneii,Pandawa,200,Mâle,Terra Cogita,,,,,10969642343,"{'Boulanger': 100, 'Alchimiste': 100, 'Paysan': 100}"
Reveil-Nene,Sram,200,Femelle,Terra Cogita,Old Dirty Bastards,115,DESTIN DES LEGENDES,,12762295886,{'Bijoutier': 55}
Kheitv,Ecaflip,200,Mâle,Terra Cogita,L'Agartha,200,O U R A G A N,,10270348228,
Seidd,Sram,200,Femelle,Terra Cogita,Reborn,147,,,8722408330,"{'Boucher': 71, 'Chasseur': 66, 'Bricoleur': 30}"
Lenny-Baraleire,Sacrieur,200,Mâle,Terra Cogita,Old Dirty Bastards,115,DESTIN DES LEGENDES,,8337592462,
Shleikyuga,Feca,200,Femelle,Terra Cogita,Pase-Hyfic,200,DESTIN DES LEGENDES,,10925035186,
Leiv,Iop,200,Femelle,Terra Cogita,L'Ocarina,200,O U R A G A N,,,
Shin-sei,Iop,200,Femelle,Terra Cogita,,,,,8891169194,"{'Paysan': 100, 'Bijoutier': 100, 'Joaillomage': 100}"
Noumei,Enutrof,200,Femelle,Terra Cogita,Eiko,57,,,8279974823,"{'Bûcheron': 16, 'Tailleur': 1}"
Bilstein,Sram,200,Femelle,Terra Cogita,,,,,11156970418,"{'Bricoleur': 100, 'Alchimiste': 100, 'Chasseur': 100}"
Bloodseiya,Sacrieur,200,Mâle,Terra Cogita,Orgies Sauvages,83,O U R A G A N,,8282872776,"{'Boulanger': 100, 'Paysan': 100, 'Sculpteur de Baguettes': 42}"
Mynameisanatoly,Sram,200,Mâle,Terra Cogita,K-ASA,165,DESTIN DES LEGENDES,,17267640103,
Lys-leia,Zobal,200,Femelle,Terra Cogita,,,,bonta,11808228569,"{'Bricoleur': 100, 'Alchimiste': 100, 'Mineur': 22}"
Valto-sheini,Ecaflip,200,Mâle,Terra Cogita,PERCOZITION,200,DESTIN DES LEGENDES,,,
Neige-Eternel,Pandawa,200,Femelle,Terra Cogita,,,,,8457524532,{'Chasseur': 1}
Swearshewaseighteen,Ecaflip,200,Mâle,Terra Cogita,,,,,8665684128,"{'Boulanger': 100, 'Paysan': 100, 'Bûcheron': 4}"
Breizh-Monster,Feca,200,Mâle,Terra Cogita,,,,brakmar,8603710132,"{'Boulanger': 100, 'Mineur': 100, 'Paysan': 83}"
Keizah,Ecaflip,200,Femelle,Terra Cogita,Renaissance,146,DESTIN DES LEGENDES,bonta,8359717580,"{'Cordomage': 100, 'Joaillomage': 100, 'Costumage': 100, 'Cordonnier': 67, 'Tailleur': 66, 'Bijoutier': 65}"
Vieillecroute,Enutrof,200,Femelle,Terra Cogita,The Family's,143,DESTIN DES LEGENDES,,,
Boteik,Xelor,200,Femelle,Terra Cogita,Perfect Z,200,PANDORE,bonta,23852128021,
Khaleim,Iop,200,Mâle,Terra Cogita,,,,bonta,9134151618,"{'Paysan': 100, 'Chasseur': 100, 'Boucher': 60}"
Seiji-invisi,Sram,200,Mâle,Terra Cogita,Insania,114,,,11019811342,"{'Alchimiste': 55, 'Bûcheron': 42, 'Tailleur': 23}"
Codei,Sram,200,Mâle,Terra Cogita,Deracineur de Tremble,90,O U R A G A N,bonta,8582384367,"{'Boulanger': 100, 'Paysan': 72, 'Tailleur': 55}"
Thor-Helheim,Iop,200,Mâle,Terra Cogita,-  Madness  -,200,-AKATSUKI-,brakmar,8781900640,"{'Alchimiste': 67, 'Façonneur': 63, 'Bijoutier': 27}"
Heihachiro,Pandawa,200,Mâle,Terra Cogita,,,,bonta,11861294119,"{'Costumage': 100, 'Bûcheron': 85, 'Tailleur': 68, 'Cordonnier': 65, 'Cordomage': 43}"
Capi-Teigne,Steamer,200,Femelle,Terra Cogita,-  Madness  -,200,-AKATSUKI-,,9170849434,"{'Alchimiste': 100, 'Chasseur': 100, 'Boucher': 100}"
Adei-Back,Xelor,200,Mâle,Terra Cogita,Shurima',200,DESTIN DES LEGENDES,,8819354219,{'Alchimiste': 53}
Adei-Heal,Eniripsa,200,Mâle,Terra Cogita,Shurima',200,DESTIN DES LEGENDES,,8271937414,{'Alchimiste': 51}
Silver-Rayleighh,Enutrof,200,Mâle,Terra Cogita,,,,,8312193883,
Akaleima,Sacrieur,200,Mâle,Terra Cogita,Skypiea',200,-AKATSUKI-,,8362664364,
Weiikow,Roublard,200,Mâle,Terra Cogita,,,,,11502560575,"{'Alchimiste': 100, 'Bricoleur': 100, 'Mineur': 95, 'Costumage': 44}"
Bei-l,Feca,200,Femelle,Terra Cogita,New Bees,147,SUPPRESSION,,8964405034,"{'Chasseur': 60, 'Boucher': 18, 'Bûcheron': 10}"
Djeiixx,Cra,200,Mâle,Terra Cogita,Le Clan Campbell,182,PANDORE,,8706609501,"{'Boulanger': 93, 'Paysan': 46, 'Alchimiste': 40}"
Hakei,Sram,200,Mâle,Herdegrize,,,,,10540564591,
Heinekhen,Pandawa,200,Mâle,Herdegrize,,,,,8356853280,{'Alchimiste': 1}
Musashibou-Benkei,Sram,200,Mâle,Herdegrize,Vixius,200,CELESTE,brakmar,13343171946,"{'Joaillomage': 100, 'Cordomage': 100, 'Bijoutier': 100, 'Cordonnier': 88, 'Alchimiste': 68}"
Mireilleu,Sram,200,Femelle,Herdegrize,-SKAL-,188,OUT MAP,,9594879853,"{'Alchimiste': 1, 'Boulanger': 1, 'Façonneur': 1}"
Seigneur-pandaa,Pandawa,200,Mâle,Herdegrize,,,,,12876731951,
Deiwii,Ecaflip,200,Mâle,Herdegrize,,,,,8647080139,"{'Cordonnier': 14, 'Boulanger': 1}"
Glideir,Roublard,200,Mâle,Herdegrize,N O T O R I O U S - II,102,LES ENFANTS TERRIBLES,,8294841174,"{'Cordomage': 100, 'Cordonnier': 100, 'Paysan': 1}"
Dreidro,Enutrof,200,Mâle,Herdegrize,,,,bonta,8534957280,"{'Alchimiste': 100, 'Boucher': 68, 'Chasseur': 60}"
Mac-keine,Cra,200,Mâle,Herdegrize,Legion,23,,,8648560429,"{'Bricoleur': 91, 'Chasseur': 62, 'Façonneur': 61}"
Il-Heineken,Pandawa,200,Femelle,Herdegrize,Il-Family,200,L A   F A M I L L E,,9894952449,
Marlei-ll,Feca,200,Femelle,Herdegrize,Last Beginning,129,L'HERITAGE DU SANG,bonta,9104089238,{'Alchimiste': 15}
Sheitannee,Sacrieur,200,Mâle,Herdegrize,,,,brakmar,8859232463,"{'Chasseur': 100, 'Alchimiste': 100, 'Pêcheur': 84}"
Yui-Lei,Feca,200,Femelle,Terra Cogita,Old Dirty Bastards,115,DESTIN DES LEGENDES,,9947672881,"{'Chasseur': 100, 'Boucher': 100, ""Forgeur d'Epées"": 46}"
Bomberstein,Cra,200,Mâle,Terra Cogita,Compound V,44,,,10818360837,"{'Façonneur': 20, 'Chasseur': 12}"
Reine-Elux,Eniripsa,200,Femelle,Terra Cogita,orgueil,55,,,8336908282,
Amineior,Sram,200,Femelle,Terra Cogita,,,,,8322416873,"{'Joaillomage': 100, 'Cordomage': 100, 'Bijoutier': 85, 'Cordonnier': 69, 'Boucher': 15}"
Mr-Klein,Pandawa,200,Mâle,Terra Cogita,Rock Machine,129,EXOTIQUE,brakmar,8756977481,"{'Costumage': 100, 'Joaillomage': 100, 'Cordomage': 100, 'Bijoutier': 65, 'Tailleur': 65, 'Cordonnier': 65}"
Hz-Reis,Zobal,200,Mâle,Terra Cogita,,,,brakmar,10379042702,
Von-Neim,Iop,200,Mâle,Terra Cogita,La Distillerie,159,SMOK,,8992953895,"{'Alchimiste': 100, 'Boulanger': 100, 'Paysan': 100}"
Wheii,Steamer,200,Mâle,Terra Cogita,L'Ocarina,200,O U R A G A N,bonta,10093171335,
Scheidheda,Cra,200,Mâle,Terra Cogita,Chaos-King's,200,PANDORE,,8690820101,"{'Boucher': 54, 'Chasseur': 53}"
Peitabiere,Pandawa,200,Mâle,Terra Cogita,Coca-Cola,200,-AKATSUKI-,,10905784751,{'Alchimiste': 3}
Meix,Feca,200,Mâle,Terra Cogita,les Guerriers Unis du Destin,44,O U R A G A N,,8275075080,"{'Bûcheron': 59, 'Alchimiste': 46, 'Chasseur': 12}"
Panda-Geisha,Pandawa,200,Femelle,Terra Cogita,Determination,133,DESTIN DES LEGENDES,,8273610606,"{'Alchimiste': 41, ""Forgeur d'Epées"": 10}"
Yama-Shatei,Feca,200,Femelle,Terra Cogita,Renaissance,146,DESTIN DES LEGENDES,bonta,8985161394,"{'Bricoleur': 79, 'Forgeur de Pelles': 27, 'Façonneur': 1}"
Sensei-Xll,Cra,200,Mâle,Terra Cogita,,,,,9225219614,"{'Alchimiste': 100, 'Chasseur': 75, 'Cordonnier': 70}"
Shuri-Veiller,Feca,200,Mâle,Terra Cogita,Forge des Destins Legendaires,126,DESTIN DES LEGENDES,,8441001864,
Heiita,Cra,200,Femelle,Terra Cogita,,,,,8372206616,"{'Alchimiste': 100, 'Boulanger': 100, 'Paysan': 80}"
Magda-saideira,Cra,200,Femelle,Grandapan,,,,,9478947204,"{'Cordomage': 100, 'Alchimiste': 100, 'Mineur': 100, 'Chasseur': 1}"
La-seiya,Sram,200,Femelle,Grandapan,,,,brakmar,8533528268,
Arthemeis,Cra,200,Mâle,Terra Cogita,New Laws,200,DESTIN DES LEGENDES,,10418048494,{'Bricoleur': 11}
Leize,Feca,200,Femelle,Herdegrize,Origin's touch,,,,,
Oheio,Cra,200,Femelle,Oshimo,la Patience Maudite,87,MALLA,bonta,11557470295,"{'Mineur': 9, 'Paysan': 6, 'Bûcheron': 2}"
Rayleiigh-San,Steamer,200,Mâle,Oshimo,Stone,131,,,8958191683,
Steam-Lein,Steamer,200,Mâle,Oshimo,Junky Shoulder,50,ALL FOR ONE,,8477549276,
Qubei,Enutrof,200,Mâle,Oshimo,Warrior's knight,200,RATS CONTRE ALL,,8537703837,
Reie,Cra,200,Mâle,Oshimo,LA MOULA,72,DECHUS,bonta,8277927630,"{'Joaillomage': 87, 'Bijoutier': 70, 'Chasseur': 65, 'Façonneur': 60}"
Reii-Oroshi,Sacrieur,200,Mâle,Oshimo,,,,brakmar,9526583786,{'Mineur': 5}
Eida-Otsutsuki,Roublard,200,Femelle,Oshimo,- Clan Sakuragi -,200,,,8282809239,
Aasleiv,Sacrieur,200,Mâle,Oshimo,,,,,8497991784,"{'Cordonnier': 51, 'Boulanger': 24}"
Kei-kishimoto,Pandawa,200,Femelle,Oshimo,Blue-Mountain-State,77,,bonta,8435174099,"{'Chasseur': 30, 'Pêcheur': 11, 'Façonneur': 1}"
Weily,Eniripsa,200,Femelle,Oshimo,,,,,,
Zereidrans,Enutrof,200,Mâle,Grandapan,,,,,8319989633,{'Sculpteur de Bâtons': 30}
Yaneiko,Iop,200,Mâle,Oshimo,,,,,8297048448,"{'Boulanger': 100, 'Paysan': 100, 'Forgeur de Pelles': 28}"
Fleimkepa-Gb,Sram,200,Femelle,Oshimo,Dream-team,91,TROOP'S TRAINERS CORPORATION,brakmar,8768697225,"{'Paysan': 100, 'Alchimiste': 100, 'Costumage': 100, 'Tailleur': 70}"
Andreina-vnz,Cra,200,Femelle,Grandapan,,,,,9247272439,"{'Mineur': 100, 'Tailleur': 65, 'Bijoutier': 60, 'Costumage': 28}"
Phoseiidon,Sacrieur,200,Mâle,Oshimo,,,,bonta,9849170506,
Gojo-Senseii,Xelor,200,Femelle,Oshimo,,,,brakmar,8705906320,{'Paysan': 1}
Leil-So,Iop,200,Femelle,Oshimo,Shinra Tensei,156,GENERATION TARTEAM,bonta,8777586223,"{'Chasseur': 67, 'Boucher': 1}"
Veios,Cra,200,Mâle,Grandapan,B L O O D M O O N,43,MONEY WAY,brakmar,9749728066,"{'Boulanger': 100, 'Alchimiste': 100, 'Paysan': 100}"
Andreiita,Pandawa,200,Femelle,Grandapan,- SANCTUARY -,108,PESCANDO SAPOS GORDOS,,8351371603,"{'Chasseur': 94, 'Façonneur': 39, 'Forgeur de Pelles': 1}"
Seeiiyaa,Pandawa,200,Mâle,Grandapan,Sunny,192,SIEMPRE SALE EL SOL,brakmar,8458801375,"{'Bijoutier': 26, 'Boulanger': 8}"
Janeider,Cra,200,Mâle,Grandapan,Cirkus,95,,bonta,9963917674,"{'Boulanger': 100, 'Paysan': 100, 'Bijoutier': 70, 'Joaillomage': 41}"
Onreifni,Sram,200,Mâle,Grandapan,,,,,9401298967,{'Bûcheron': 84}
Eido-Tensei,Iop,200,Femelle,Grandapan,Thieves,156,U N I T Y,bonta,9738807710,"{'Boucher': 100, 'Chasseur': 100, 'Paysan': 100}"
Sei-sakuraoka,Eniripsa,200,Femelle,Oshimo,Blue-Mountain-State,77,,bonta,8576231224,"{'Alchimiste': 100, 'Chasseur': 49, 'Paysan': 1}"
Luwei,Osamodas,200,Femelle,Oshimo,Sons Of Anarchy,43,YORU NO HANA,,8401278868,"{'Costumage': 100, 'Boulanger': 100, 'Tailleur': 100, ""Forgemage d'Epées"": 100, ""Forgeur d'Epées"": 69}"
Pantalon-beige,Cra,200,Mâle,Oshimo,Insolence,200,,,11255417088,"{'Cordomage': 100, 'Joaillomage': 100, 'Chasseur': 100, 'Bijoutier': 100, 'Cordonnier': 100}"
Sensei-s,Eniripsa,200,Femelle,Oshimo,Mp Don-Moro,14,,,8327944710,"{'Bricoleur': 100, 'Tailleur': 48}"
Oo-Jagermeister,Pandawa,200,Femelle,Oshimo,Blow,106,ALLIANCE DU PEUPLE,,18568235358,
Oo-Blancheneige,Iop,200,Femelle,Oshimo,,,,bonta,8295529186,"{'Boulanger': 100, 'Paysan': 100, 'Chasseur': 100}"
Sheiv,Cra,200,Femelle,Oshimo,,,,bonta,12681771179,"{'Paysan': 100, 'Alchimiste': 58, 'Cordonnier': 55}"
Poly-Reincarnated,Sram,200,Mâle,Oshimo,,,,,9135163413,"{'Cordomage': 100, 'Joaillomage': 100, 'Costumage': 100, 'Bijoutier': 65, 'Tailleur': 65, 'Cordonnier': 65}"
Aomeito,Osamodas,200,Femelle,Oshimo,Lost Souls,72,,,9351443573,"{'Alchimiste': 100, 'Paysan': 68, 'Boulanger': 35}"
Historia-Reiss,Roublard,200,Femelle,Oshimo,Total Revolution,200,RATS CONTRE ALL,,10409411175,
Reign-Chaos,Sram,200,Femelle,Oshimo,Symphoniaa,182,OUTSIDERS',,13339791369,"{'Joaillomage': 100, 'Bijoutier': 86, ""Forgeur d'Epées"": 30}"
Karilzei,Iop,200,Mâle,Oshimo,,,,,8646020529,
Cercueil-detmor,Eniripsa,200,Femelle,Oshimo,La-BeuzBeuzrie,200,GENERATION TARTEAM,,8451796068,
Deadly-Kureiji,Zobal,200,Femelle,Oshimo,BlackPearl,200,RATS CONTRE ALL,,8442206343,
Seigneurs-ll,Eniripsa,200,Mâle,Oshimo,Blank,200,PIRE DES GENERATIONS,brakmar,12343154070,
Llythweid,Feca,200,Mâle,Oshimo,Ars Moriendi,40,,brakmar,8661171275,
Ipseite,Iop,200,Mâle,Oshimo,les-semi-croustillants,125,LES MONSTERS DE LA GUERRE,bonta,8436557281,"{'Poissonnier': 75, 'Pêcheur': 68, 'Bijoutier': 65, 'Joaillomage': 29}"
Fire-breizh,Zobal,200,Mâle,Oshimo,AKA,83,DECHUS,,8349047393,
Neial,Cra,200,Femelle,Oshimo,,,,,8317994994,"{'Joaillomage': 100, 'Chasseur': 100, 'Bûcheron': 68, 'Bijoutier': 65}"
Meigu,Sadida,200,Femelle,Oshimo,,,,,8296982380,
Spireicro,Sacrieur,200,Mâle,Oshimo,,,,bonta,8847299887,"{'Cordomage': 100, 'Joaillomage': 100, 'Bijoutier': 74, 'Cordonnier': 65, 'Tailleur': 53}"
Leixoes,Iop,200,Femelle,Oshimo,Les Samourais,123,CLAN SHINIGAMI,bonta,9602866683,"{'Mineur': 100, 'Alchimiste': 100, 'Bijoutier': 81}"
Seingneur,Cra,200,Mâle,Oshimo,The Big-Bang,101,,bonta,13426460641,"{""Forgemage d'Epées"": 100, ""Forgeur d'Epées"": 82, 'Forgeur de Dagues': 33, 'Forgeur de Marteaux': 2}"
Kali-mgk,Sram,200,Femelle,Terra Cogita,Nemeria,158,BITCOIN ETF,,8351190450,
Dgk-Boom,Roublard,200,Mâle,Oshimo,-NDRANGHETA-,105,,bonta,8497962160,"{'Boulanger': 83, 'Paysan': 21, 'Bricoleur': 8}"
Bigkayn,Zobal,200,Mâle,Brutas,,,,,9508987628,"{'Alchimiste': 100, 'Mineur': 16}"
Sgk-Amelec,Zobal,200,Mâle,Brutas,,,,,8414102475,"{'Bûcheron': 65, 'Bijoutier': 1}"
Gangk,Sacrieur,200,Mâle,Dodge,LatinStark,118,PANDEMONIUM,,8584994281,"{'Chasseur': 100, 'Pêcheur': 98, 'Poissonnier': 76}"
Ruvigk,Roublard,200,Femelle,Brutas,,,,,8563276528,"{'Mineur': 93, 'Bricoleur': 80, 'Façonneur': 62}"
Dgk-Nadair,Eniripsa,200,Femelle,Oshimo,-NDRANGHETA-,105,,brakmar,8316694537,"{'Alchimiste': 100, 'Boucher': 100, 'Chasseur': 65}"
Lenny-Ogkush,Roublard,200,Femelle,Brutas,,,,brakmar,8371506720,{'Tailleur': 1}
Yangkaix,Zobal,200,Mâle,Brutas,,,,,8726675643,
Greddogk,Ecaflip,200,Mâle,Brutas,,,,brakmar,10375125920,"{'Boulanger': 30, 'Façonneur': 1, 'Tailleur': 1}"
Fe-Kingky,Feca,200,Mâle,Brutas,T R Y A D A,101,,,8291184029,"{'Alchimiste': 9, 'Bûcheron': 1, 'Mineur': 1}"
Istigkeit,Enutrof,200,Mâle,Brutas,,,,bonta,14769151489,"{'Poissonnier': 100, 'Alchimiste': 100, 'Pêcheur': 100}"
Jormungander-Rgk,Steamer,200,Mâle,Brutas,-Existence-,101,ANTISOCIALES Y EXCONVICTOS,,8722193488,{'Cordonnier': 22}
Max-rgk,Sram,200,Mâle,Oshimo,,,,,8810588262,"{'Forgemage de Dagues': 100, 'Forgemage de Haches': 100, 'Forgemage de Marteaux': 100, 'Forgeur de Marteaux': 76, 'Forgeur de Dagues': 73, 'Forgeur de Haches': 65}"
Angkurt,Ecaflip,200,Mâle,Terra Cogita,,,,,13924695176,"{'Pêcheur': 100, 'Poissonnier': 100, 'Chasseur': 67}"
Alone-Farmingk,Sacrieur,200,Femelle,Terra Cogita,,,,,8654313160,"{'Joaillomage': 100, 'Bijoutier': 100, 'Bûcheron': 100, 'Chasseur': 100}"
Dgk-Theter,Sram,200,Femelle,Oshimo,-NDRANGHETA-,105,,,8301974169,
Dgk-Saoulait,Pandawa,200,Mâle,Oshimo,-NDRANGHETA-,105,,brakmar,9909953270,"{'Paysan': 100, 'Chasseur': 100, ""Forgeur d'Epées"": 46, 'Cordomage': 32}"
Gk-olere,Iop,200,Mâle,Herdegrize,HEARTHER,123,,,8342033873,
Kingkas,Sram,200,Mâle,Dodge,Equilibrium Vita,200,PANGEA,,8283261396,"{'Tailleur': 66, 'Bijoutier': 60, 'Cordonnier': 60, 'Costumage': 10}"
Gkactonq,Zobal,200,Mâle,Terra Cogita,,,,,9409993604,"{'Bûcheron': 100, 'Poissonnier': 100, 'Pêcheur': 100}"
Zhongkui,Sram,200,Mâle,Oshimo,Garga,27,,,8419382871,"{'Boulanger': 100, 'Paysan': 100, 'Forgeur de Pelles': 1}"
Mimi-mgk,Sacrieur,200,Femelle,Terra Cogita,Shurima',200,DESTIN DES LEGENDES,,9840098205,"{'Joaillomage': 100, 'Boulanger': 100, 'Paysan': 100, 'Bijoutier': 67}"
Cgefgouyegkigejojuez,Sadida,200,Femelle,Herdegrize,KODO,200,,,,
Zo-Kingky,Zobal,200,Mâle,Brutas,T R Y A D A,101,,,8542228284,"{""Sculpteur d'Arcs"": 9}"
Kingkats,Xelor,200,Mâle,Brutas,,,,,9361058737,
Sgk-Taelc,Pandawa,200,Mâle,Brutas,Notoriety,57,,bonta,9001452407,"{'Joaillomage': 100, 'Bijoutier': 65, 'Tailleur': 63}"
Kingkong-click,Iop,200,Femelle,Brutas,Canabis-weed,73,,,8526612154,"{'Paysan': 73, 'Bricoleur': 4, 'Boulanger': 2}"
Spriingkill,Iop,200,Femelle,Terra Cogita,,,,,,
Amgk,Cra,200,Mâle,Terra Cogita,Les Arts Tarder,100,-AKATSUKI-,,8276402035,
Panda-ogkush,Pandawa,200,Mâle,Herdegrize,One Way,,,,,
Kingkongg,Iop,200,Mâle,Dodge,Equilibrium Vita,,,,,
Gku-ult,Zobal,200,Mâle,Brutas,Coconut Skull,,,,,
Kingkong-clickk,Sacrieur,200,Mâle,Brutas,Canabis-weed,,,,,
Gkeeper,Enutrof,199,Mâle,Terra Cogita,,,,,,
Mr-Bergk,Xelor,197,Mâle,Brutas,EmperoR,,,,,
Ragkra,Cra,196,Mâle,Oshimo,,,,,,
Kaxaogk,Ecaflip,193,Mâle,Terra Cogita,Knight,,,,,
Rogku,Roublard,193,Mâle,Dodge,Equilibrium Vita,,,,,
Gk-blood,Zobal,193,Mâle,Herdegrize,Last-Fight,,,,,
El-Ogkush,Iop,191,Mâle,Brutas,,,,,,
Gk-Ink,Pandawa,191,Femelle,Brutas,,,,,,
Gk-steam,Steamer,191,Mâle,Herdegrize,LA CASTAGNE,,,,,
Dgk-sour,Sram,190,Mâle,Oshimo,-NDRANGHETA-,,,,,
Gk-amas,Enutrof,190,Mâle,Herdegrize,Ezz-pvp,,,,,
Bjungkoos,Iop,188,Femelle,Brutas,Easy Kolix,,,,,
Luffy-kingkobra,Feca,188,Mâle,Brutas,,,,,,
Jungk,Enutrof,187,Mâle,Brutas,,,,,,
