name,type,level
Poitrine de Glourséleste,Viande,200
Poitrine de Glourséleste conservée,Viande conservée,200
Cuir de Cuirboule,Cuir,200
Moustache de Klime,Poil,200
Molaire de Ventrublion,Os,200
Canine de Krakal,Os,200
Canine de Kanimate,Os,200
Volve de Mérulor,Champignon,200
Aile de Nocturlabe,Aile,200
Clef des Salons privés de Klime,Clef,200
Chair d’Alchillusion,Viande,200
Boulettes surgelées d’Armutin,Viande,200
Semelle de Cuirassé,Viande,200
Fermeture éclair,Ressources diverses,200
Mycoses gelées,Champignon,200
Aile de Gouleton,Aile,200
Goulobule rouge,Ressources diverses,200
Clef du Goulden Palace,Clef,200
Croc de Délégoule,Os,200
Pistil de Floristile,Plante,200
Oeil de Mortefleur,Oeil,200
Poitrine de Glourson,Viande,200
Poitrine de Glourson conservée,Viande conservée,200
Oeil de Harrogant,Oeil,200
Scalp de Klime,Ressources diverses,200
Poil d'aisselle de Missiz Frizz,Poil,200
Maxillaire de Brikoglours,Os,200
Astragale de Brikoléreux,Os,200
Chair de Nileza,Viande,200
Viande de Brikoléreux,Viande,200
Viande de Sylargh,Viande,200
Blanc de Sinistro,Viande,200
Semelle de Klime Conservée,Viande conservée,200
Viande de Brikoléreux Conservée,Viande conservée,200
Blanc de Sinistro Conservé,Viande conservée,200
Boulon neuf,Ressources diverses,200
Œil de verre,Oeil,200
Ongle de Goulvernante,Os,200
Graisse d'Archillusion,Ressources diverses,200
Nectar vivifiant,Ressources diverses,200
Cuir d'Empaillé,Cuir,200
Stapes de Frimar,Os,200
Patte de Termystique,Patte,200
Bractée de Drosérâle,Plante,200
Broderie de Nileza,Vêtement,200
Bec de Mansordide,Os,200
Plume de Sinistro,Plume,200
Clef du Donjon du Comte Harebourg,Clef,200
Essence de Glourséleste,Essence de gardien de donjon,200
Essence de Klime,Essence de gardien de donjon,200
Écharpe de Hanshi,Vêtement,200
Clef du Dojo du vent,Clef,200
Chitine de Pandogorgo,Ressources diverses,200
Peau de Moon,Peau,200
Cuir de Grodruche,Cuir,200
Etoffe de Cuirassé,Etoffe,200
Cuir de Peunch,Cuir,200
Incisive de Stalak,Os,200
Incus de Verglasseur,Os,200
Culotte de Missiz Frizz,Vêtement,200
Plume de Dodox,Plume,200
Bec de Strigide,Os,200
Scapula du Comte Harebourg,Os,200
Clef de la Forgefroide de Missiz Frizz,Clef,200
Clef du Transporteur de Sylargh,Clef,200
Semelle de Klime,Viande,200
Blanc de Harebourg,Viande,200
Viande de Sylargh Conservée,Viande conservée,200
Racine cristalline,Racine,200
Pointe osseuse de Grasmera,Os,200
Poil de Délégoule,Poil,200
Essence de Shihan et Hanshi,Essence de gardien de donjon,200
Essence de Missiz Frizz,Essence de gardien de donjon,200
Essence de Nileza,Essence de gardien de donjon,200
Essence de Comte Harebourg,Essence de gardien de donjon,200
Tige de Bambouto,Plante,200
Piques à cheveux de Shihan,Ressources diverses,200
Clef de la Bambusaie de Damadrya,Clef,200
Tronc de Tromplosion,Ressources diverses,200
Essence de Damadrya,Essence de gardien de donjon,200
Bois de Chêne Mou,Bois,200
Queue de Glourséleste,Queue,200
Hamatum de Glourséleste,Os,200
Sang d'Armutin,Ressources diverses,200
Sang de Karkanik,Ressources diverses,200
Bave de Nessil,Ressources diverses,200
Braguette de Nileza,Vêtement,200
Oreille de Mécanofoux,Oreille,200
Laine de Sylargh,Laine,200
Incisive de Sylargh,Os,200
Plume de Granduk,Plume,200
Oeil de Cycloïde,Oeil,200
Aile de Sinistrofu,Aile,200
Bandelette du Comte Harebourg,Ressources diverses,200
Clef du Laboratoire de Nileza,Clef,200
Boulettes surgelées de Missiz Frizz,Viande,200
Boulettes surgelées de Missiz Frizz Conservées,Viande conservée,200
Blanc de Harebourg Conservé,Viande conservée,200
Poche de magma de Grasmera,Ressources diverses,200
Œil de Goulgotier,Oeil,200
Orbe irisé,Pierre précieuse,200
Essence de Sylargh,Essence de gardien de donjon,200
Bourgeon explosif de Damadrya,Ressources diverses,200
Cuir synthétique,Cuir,199
Ruban d'Uchiwang,Vêtement,198
Étoffe de Kurookin,Etoffe,197
Paquet Cadeau du Minotoboule de Nowel,Nowel,197
Tête de lance de Fangshu,Ressources diverses,196
Étoffe du Roissingue,Etoffe,196
Culotte à l'envers du Roissingue,Ressources diverses,196
Pelage aérodynamique,Peau,194
Bracelet d'Ino-Naru,Ressources diverses,192
Clef des cavernes du Kolosso,Clef,190
Bavette de Xa,Viande,190
Griffe de Kolosso,Os,190
Queue de Meliglours,Queue,190
Poudre glaciale,Poudre,190
Bavette de Bléro,Viande,190
Antenne de Gloursaya,Ressources diverses,190
Essence de Fuji Givrefoux,Essence de gardien de donjon,190
Essence de Grolloum,Essence de gardien de donjon,190
Clef de la mine de Sakaï,Clef,190
Etoffe givrée,Etoffe,190
Cuir de Fuji Givrefoux,Cuir,190
Iris de Glourson,Oeil,190
Poils de Boulglours,Poil,190
Cuir de Glouragan,Cuir,190
Incisive de Glourmand,Os,190
Hormone de Chacharge,Poudre,190
Clef de la Fabrique de foux d'artifice,Clef,190
Pipe de Founoroshi,Ressources diverses,190
Clef de l'Antichambre des Gloursons,Clef,190
Essence de Kolosso,Essence de gardien de donjon,190
Essence de Grozilla Fatigué,Essence de gardien de donjon,190
Lame brisée de Lichangoro,Ressources diverses,190
Fragment gelé,Pierre brute,190
Condyle de Fuji Givrefoux,Os,190
Bavette de Bléro conservée,Viande conservée,190
Bavette de Xa conservée,Viande conservée,190
Etoffe de Kolosso,Etoffe,190
Patron du Père Fwetar,Nowel,190
Essence de Founoroshi,Essence de gardien de donjon,190
Queue magique de Founoroshi,Queue,189
Oeuf de Gobus,Oeuf,189
Etoffe de Croleur,Etoffe,188
Cervelle de Courtilieur,Ressources diverses,187
Molaire de Blérice,Os,187
Oeil de Champmane,Oeil,186
Poils de Founamboul,Poil,186
Queue de Blérom,Queue,186
Estomac du Perkü,Ressources diverses,186
Fragment de pépite de Sakaï,Pierre brute,185
Poils de Pétartifoux,Poil,185
Osier Enchanté,Ressources diverses,185
Péroné du Marôdeur,Os,184
Bave de Champ à Gnons,Ressources diverses,183
Poils de Boumbardier,Poil,183
Peau d'Ouilleur,Peau,183
Griffe de Blérauve,Os,183
Etoffe de Firefoux,Etoffe,182
Oreille de Fleuro,Oreille,182
Oeil de Sapeur,Oeil,181
Peau de Crachefoux,Peau,181
Clef du Donjon du Bworker,Clef,180
Lamelle de Champbis,Ressources diverses,180
Fragment d'Ougalurette,Ressources diverses,180
Viande de Tengu Givrefoux,Viande,180
Racine de synthèse,Racine,180
Moule de Clef de la Maison du Papa Nowel,Nowel,180
Essence de Korriandre,Essence de gardien de donjon,180
Estomac de Bwork,Ressources diverses,180
Clef de l'Antre du Kralamoure Géant,Clef,180
Ventouse du Kralamoure géant,Ressources diverses,180
Clef du Donjon Fungus,Clef,180
Oreille de Gobosteur,Oreille,180
Lamelle Fongique,Champignon,180
Oeil d'Ougah,Oeil,180
Essence de Bworker,Essence de gardien de donjon,180
Essence de Kralamoure,Essence de gardien de donjon,180
Testicules du Tanukouï San,Ressources diverses,180
Pinceau du Tanukouï San,Ressources diverses,180
Patte de Korriandre,Patte,180
Queue de Wolvero,Queue,180
Clef de la Maison du Papa Nowel,Clef,180
Essence d'Ougah,Essence de gardien de donjon,180
Clef de l'Atelier du Tanukouï San,Clef,180
Peau du Bworker,Peau,180
Viande de Givrefoux,Viande,180
Viande de Tengu Givrefoux conservée,Viande conservée,180
Oeil de Korriandre,Oeil,180
Hormone de Kougnard Albâtre,Poudre,180
Essence du Tanukouï San,Essence de gardien de donjon,180
Encre du Kralamoure géant,Ressources diverses,180
Clef de l'Antre du Korriandre,Clef,180
Viande de Givrefoux conservée,Viande conservée,180
Oreille d'Apériglours,Oreille,180
Ongle du Bworker,Os,180
Peau de Rouquette,Peau,180
Boulon de Cybwork,Ressources diverses,179
Lamelle de Mérulette,Champignon,178
Lunettes de Parashukouï,Ressources diverses,177
Poing rocheux d'Ishigro Pake,Ressources diverses,177
Langue du Champodonte,Ressources diverses,177
Oeil de Dramanite,Oeil,176
Masque de Shinibaru,Ressources diverses,176
Flaque Vénérable,Ressources diverses,175
Bandeau troué d'Air,Vêtement,175
Poterie cassée de Lolojiki,Ressources diverses,175
Boue Vénérable,Ressources diverses,175
Cendres Vénérables,Poudre,175
Bandeau troué de Terre,Vêtement,175
Croc de Krokille,Os,175
Bandeau troué d'Eau,Vêtement,175
Volve de Fongeur,Champignon,175
Poudre Vénérable,Poudre,175
Fumée Vénérable,Ressources diverses,175
Bandeau troué de Feu,Vêtement,175
Poils magiques de Tanuki,Poil,174
Trompe de la Tromperelle,Ressources diverses,174
Écorce d'Abrazif,Écorce,174
Volve de Fistulor,Champignon,173
Baguette de Tétonuki,Ressources diverses,172
Écorce de Champaknyde,Écorce,171
Clef de la Tanière Givrefoux,Clef,170
Chair de Mansot Royal,Viande,170
Incisive de Kami Givrefoux,Os,170
Patte de Masticroc,Patte,170
Peau de Kailleu,Peau,170
Koinkoin de bain de Nagate,Ressources diverses,170
Clef de la Vallée de la Dame des eaux,Clef,170
Laine de Tengu Givrefoux,Laine,170
Peau de Trémorse,Peau,170
Peau sale du Roi Skaille,Peau,170
Essence de Tengu Givrefoux,Essence de gardien de donjon,170
Couronne de Nagate,Ressources diverses,170
Cuir de Givrefoux,Cuir,170
Langue de Morsquale,Ressources diverses,170
Ecaille de Kailleu,Peau,170
Essence de Nagate,Essence de gardien de donjon,170
Cuir de Tengu Givrefoux,Cuir,170
Hormone de Tofureur,Poudre,170
Dent de Cycloporth,Os,170
Viscères du Roi Skaille,Ressources diverses,170
Essence de Roi Skaille,Essence de gardien de donjon,170
Chair de Mansot Royal conservée,Viande conservée,170
Carapace de Ver des Sables,Carapace,170
Katana de Kwamouraï,Ressources diverses,169
Laine de Yokaï Givrefoux,Laine,169
Queue de Yomi Givrefoux,Queue,168
Salopette Kwapa,Vêtement,167
Oreille de Soryo Givrefoux,Oreille,166
Eau de Kwapa,Ressources diverses,165
Laine de Maho Givrefoux,Laine,165
Poil de Ben le Ripate,Poil,165
Scapula de Ben le Ripate,Os,165
Concombre,Légume,164
Akaslip d'Akakwa,Vêtement,163
Sarbacane en Bambou,Ressources diverses,162
Clef de la salle du Minotot,Clef,160
Laine du Minotot,Laine,160
Chaussette du Kimbo,Ressources diverses,160
Ethmoïde du Minotot,Os,160
Essence d'Obsidiantre,Essence de gardien de donjon,160
Clef de la Pyramide du Roi Skaille,Clef,160
Viande de Crocodaille Conservée ****,Viande conservée,160
Plume de Crocoplumes,Plume,160
Mycose de Zombrute,Ressources diverses,160
Essence de Zombrute,Essence de gardien de donjon,160
Planche en Bambou Doré,Planche,160
Œil de Kailleu,Oeil,160
Chair de Zombrute,Ressources diverses,160
Clef de la Canopée du Kimbo,Clef,160
Scorie d'Obsidiantre,Pierre brute,160
Casque Mâchouillé,Vêtement,160
Dent de Kailleu,Os,160
Viande de Crocodaille **,Viande,160
Viande de Crocodaille ****,Viande,160
Clef de la Chapelle inondée,Clef,160
Faux du Maitre Corbac,Ressources diverses,160
Protection usagée du Bworker,Ressources diverses,160
Bois de Bambou Doré,Bois,160
Perruque du Kimbo,Poil,160
Clef de l'hypogée de l'Obsidiantre,Clef,160
Vertèbre d'Obsidiantre,Os,160
Essence de Kimbo,Essence de gardien de donjon,160
Viande de Crocodaille Conservée **,Viande conservée,160
Essence de Minotot,Essence de gardien de donjon,160
Tuf de Mofette,Pierre brute,159
Coeur de Crapeur,Pierre brute,158
Aquarakne de Crânonier,Coquille,158
Protection de Funespadon,Vêtement,158
Fragment de Zombibé,Coquille,158
Pointe de Lance de Tournoyé,Os,156
Résidu de Solfataré,Pierre brute,156
Souche de l'Abrakleur clair,Bois,156
Pierre de Fumrirolle,Pierre brute,155
Oeil de Vigie Pirate,Oeil,155
Oeuf vapeur,Oeuf,155
Coquille de Harpirate,Coquille,155
Bout d’Armure de Macrab,Vêtement,155
Coquille du Kaskargo,Coquille,154
Bave gluante,Ressources diverses,154
Pierre d'Atomystique,Pierre brute,153
Coco du Bitouf aérien,Coquille,152
Deuxième clef du Donjon de Sphincter,Clef,150
Clef du Donjon des Rats du Château d'Amakna,Clef,150
Épine Dorsale de Grozilla,Peau,150
Patron du Nowel Cauchemardesque,Nowel,150
Râtelier d'Oogie Betty,Nowel,150
Essence de Sphincter Cell,Essence de gardien de donjon,150
Bandelette de la Momie Nova,Ressources diverses,150
Feuille de Blop Multicolore Royal,Plante,150
Clef du Grolandais violent,Clef,150
Cuisse de Royalmouth conservée,Viande conservée,150
Alliage Ivre,Alliage,150
Orbe céladon,Pierre précieuse,150
Première clef du Donjon de Sphincter,Clef,150
Étoffe de Sphincter Cell,Etoffe,150
Tresse du Poolay,Ressources diverses,150
Galet Solaire,Galet,150
Fleur de Blop Multicolore Royal,Fleur,150
Cuisse de Royalmouth,Viande,150
Essence de Ben le Ripate,Essence de gardien de donjon,150
Museau ***,Viande,150
Huile de Pirate,Huile,150
Coquille de Fantimonier,Coquille,150
Mât de Fantômat,Bois,150
Bézoard Ardent de Grozilla,Pierre précieuse,150
Galet brasillant,Galet,150
Galet acajou,Galet,150
Oreille de Sphincter Cell,Oreille,150
Étoffe de Meupette,Etoffe,149
Peau de Krambwork,Peau,147
Plume du Mansot Royal,Plume,145
Bouée de Fantomalamère,Ressources diverses,145
Pince du Fancrôme,Os,145
Oreille de Médibwork,Oreille,143
Cuir violet de Mégabwork,Cuir,143
Scalp de Bizarbwork,Ressources diverses,142
Botte usée de Bwork,Vêtement,142
Ambre du Chêne Mou,Pierre précieuse,140
Clef Mansot,Clef,140
Poils de Kanigroula,Poil,140
Essence de Chêne Mou,Essence de gardien de donjon,140
Racine du Chêne Mou,Racine,140
Écorce du Tynril,Écorce,140
Hormone de Bounax,Poudre,140
Queue de Kanigroula,Queue,140
Essence de Mansot Royal,Essence de gardien de donjon,140
Essence de Kanigroula,Essence de gardien de donjon,140
Clef du Laboratoire du Tynril,Clef,140
Clef du Repaire de Kanigroula,Clef,140
Pistil du Tynril,Plante,140
Cœur Gelé,Ressources diverses,140
Essence de Tynril,Essence de gardien de donjon,140
Viande de Kanigrou ****,Viande,140
Canine de Félygiène,Os,139
Feuille de Branche Soignante,Plante,138
Cheveux d'Alhyène,Poil,138
Oreille de Kaniglou,Oreille,135
Talon d'achille de l'Abrakleur sombre,Ressources diverses,135
Huile de Mansot,Huile,135
Queue du Fu Mansot,Queue,135
Oeuf du Mansot Royal,Oeuf,135
Tignasse de Kanihilan,Poil,134
Crinière d’Orfélin,Poil,133
Peau de Kanig,Peau,132
Clef du Donjon du Chêne Mou,Clef,130
Oreille percée du Fricochère,Oreille,130
Hormone de La Chose,Poudre,130
Essence du Gardien Crakillian,Essence de gardien de donjon,130
Clef du Sanctuaire Minéroc,Clef,130
Calumet Zoth,Ressources diverses,130
Poil de barbe du Shamansot,Poil,130
Viande de Kanigrou **,Viande,130
Coco du Bitouf Sombre,Coquille,129
Noeul Mort,Ressources diverses,126
Bourgeon d'Abraknyde Sombre Irascible,Bourgeon,126
Écorce de Floribonde,Écorce,126
Queue du Royalmouth,Queue,125
Laine du Royalmouth,Laine,125
Duvet de Mamansot,Poil,125
Deuxième Fragment de Feu,Pierre brute,125
Troisième Fragment d'Eau,Pierre brute,125
Pierre de Feu,Pierre précieuse,125
Pierre d'Air,Pierre précieuse,125
Fumée Mature,Ressources diverses,125
Deuxième Fragment de Terre,Pierre brute,125
Troisième Fragment de Terre,Pierre brute,125
Quatrième Fragment d'Air,Pierre brute,125
Testicules de Crakillian,Ressources diverses,125
Sang d'Oni,Ressources diverses,125
Cuir du Sanglacier,Cuir,125
Premier Fragment de Feu,Pierre brute,125
Premier Fragment d'Eau,Pierre brute,125
Deuxième Fragment d'Eau,Pierre brute,125
Pierre d'Eau,Pierre précieuse,125
Coquille de Krokille,Coquille,125
Antennes du Cafard Fadet,Nowel,125
Troisième Fragment de Feu,Pierre brute,125
Quatrième Fragment de Feu,Pierre brute,125
Premier Fragment de Terre,Pierre brute,125
Quatrième Fragment de Terre,Pierre brute,125
Premier Fragment d'Air,Pierre brute,125
Pierre de Terre,Pierre précieuse,125
Flaque Mature,Ressources diverses,125
Épine dorsale de Crakillian,Ressources diverses,125
Quatrième Fragment d'Eau,Pierre brute,125
Deuxième Fragment d'Air,Pierre brute,125
Troisième Fragment d'Air,Pierre brute,125
Boue Mature,Ressources diverses,125
Poudre Mature,Poudre,125
Plume du Serpiplume,Plume,124
Poil de Gamino,Poil,124
Langue de Craquelope,Ressources diverses,124
Coeur de Minéroc,Pierre brute,123
Oreille de Bouftonmouth,Oreille,123
Œil de Craquelourd,Oeil,122
Fragment de Pierre Polie,Pierre brute,121
Calice de Fécorce,Plante,121
Couronne Brisée du Tofu Royal,Ressources diverses,120
Plume de Tofu Royal,Plume,120
Clef du Repaire de Skeunk,Clef,120
Peau de Crocabulia,Peau,120
Poil de Skeunk,Poil,120
Clef de l'antre du Blop Multicolore,Clef,120
Peau du Troollolens,Peau,120
Essence de Blop Multicolore Royal,Essence de gardien de donjon,120
Essence de Tofu Royal,Essence de gardien de donjon,120
Laine du Minotoror,Laine,120
Cuir de Minotoror,Cuir,120
Dent de Crocabulia,Os,120
Pierre de Terraburkal le Perfide,Pierre brute,120
Carré de viande conservé,Viande conservée,120
Essence de Royalmouth,Essence de gardien de donjon,120
Citrouille,Légume,120
Clef du Sanctuaire des Dragoeufs,Clef,120
Pierre d'Ignerkocropos l'Affamé,Pierre brute,120
Tibia du Guerrier Zoth,Os,120
Corne de Boufmouth de guerre,Os,120
Clef de la serre du Royalmouth,Clef,120
Peau de Mansobèse,Peau,120
Sang de Wabbit Garou,Ressources diverses,120
Essence de Skeunk,Essence de gardien de donjon,120
Kristalite,Pierre précieuse,120
Viande de Koalak Conservée,Viande conservée,120
Clavicule de Boufmouth,Os,120
Cuir Onique,Cuir,120
Pastèque,Fruit,120
Essence de Minotoror,Essence de gardien de donjon,120
Clef du Labyrinthe du Minotoror,Clef,120
Clef Secrète du Tofulailler Royal,Clef,120
Clef du Donjon des Dragoeufs,Clef,120
Pierre d'Aqualikros l'Impitoyable,Pierre brute,120
Pierre d'Aerotrugobur le Malveillant,Pierre brute,120
Peau de Skeunk,Peau,120
Ecusson du Sergent Zoth,Ressources diverses,120
Dent de Smilomouth,Os,120
Carré de viande,Viande,120
Chair de Mansot,Viande,120
Chair de Mansot conservée,Viande conservée,120
Feuille de Cawotman,Plante,120
Oreilles de Wabbit Fluo,Oreille,120
Dents de Wabbit Vampire,Os,120
Oeil de Wabbit Céphale,Oeil,120
Cawotte Transgénique,Légume,120
Essence de Crocabulia,Essence de gardien de donjon,120
Laine de Boufmouth,Laine,119
Laine de Boufmouth légendaire,Laine,118
Patte de Tofu Dodu,Patte,118
Pierre de Granit,Pierre brute,118
Jouet de Gamine Zoth,Ressources diverses,118
Carpelle de Brouture,Plante,117
Larve d'Eau,Ressources diverses,116
Graine sombre,Graine,115
Plume de Tofubine,Plume,115
Queue d'Ecumouth,Queue,115
Gland Givré,Graine,115
Plume du Timansot,Plume,115
Bracelet de Force de Trooll,Ressources diverses,115
Boomerang du Maître Koalak,Ressources diverses,114
Étoffe du Fauchalak,Etoffe,114
Peau de Mandrine,Peau,114
Crâne d'Aventurier,Os,114
Carapace de Scaratos,Carapace,114
Cendres de Tofutoflamme,Poudre,114
Plumeau de Tofuzmo,Plume,114
Peau de Minoskito,Peau,114
Peau de Kraméléhon,Peau,114
Bec de Dokachu,Os,114
Enfumoir Zoth,Ressources diverses,114
Cubitus de Momie Koalak,Os,112
Poils de Warko Violet,Poil,112
Sépale de Nerbe,Plante,112
Pince de Crabe Hijacob,Os,111
Etoffe de Rat Bougri,Etoffe,111
Plume de Dolbinos,Plume,111
Corne de Dragoeuf Guerrier,Os,110
Étoffe de Rat Blanc,Etoffe,110
Clef de la Caverne de Nowel,Clef,110
Moule de Clef de la Caverne de Nowel,Nowel,110
Duvet du Maître Corbac,Plume,110
Foulard de Koalak Farouche,Ressources diverses,110
Plume de Dolivar,Plume,110
Fleur de Dodus,Fleur,110
Essence de Rat Noir,Essence de gardien de donjon,110
Clef de la Bibliothèque du Maître Corbac,Clef,110
Clef du Donjon des Rats de Bonta,Clef,110
Peau du Rasboul Majeur,Peau,110
Eau calme,Ressources diverses,110
Essence de Rat Blanc,Essence de gardien de donjon,110
Essence de Grasméra Épuisé,Essence de gardien de donjon,110
Plume du Maître Corbac,Plume,110
Corne de Dragueuse,Os,110
Cubitus de Rat Noir,Os,110
Bractée de Chiendent,Plante,110
Clef du Goulet du Rasboul,Clef,110
Essence de Rasboul,Essence de gardien de donjon,110
Aile de Dragoeuf Volant,Aile,110
Étoffe de Rat Noir,Etoffe,110
Dent de Rat Blanc,Os,110
Plume de Dostrogo,Plume,110
Viande d'Oiseau ***,Viande,110
Essence de Maître Corbac,Essence de gardien de donjon,110
Bec de Vilain Petit Tofu,Os,109
Houpette de Koalak Sanguin,Poil,108
Peau de Chevaucheur Koalak,Peau,108
Plume de Corbac Apprivoisé,Plume,107
Tourbe séchée de Tourbassingue,Ressources diverses,107
Tibia de Koalak Fossoyeur,Os,106
Poil de Renarbo,Poil,106
Patte de Corbac,Patte,106
Plume de Gélikan,Plume,106
Poils de Guerrier Koalak,Poil,106
Poil de Rat Bontarien,Poil,105
Poil de Rat Brâkmarien,Poil,105
Plume de Buveur,Plume,104
Œil de Crowneille,Oeil,103
Cuir du Dragon Cochon,Cuir,100
Laine rêche,Laine,100
Jeton du Bworker,Ressources diverses,100
Pyrute,Alliage,100
Clef de la Caverne du Koulosse,Clef,100
Peau de Don Dorgan,Peau,100
Frostiz,Céréale,100
Cuisse de Boufmouth conservée,Viande conservée,100
Poisskaille Givré,Poisson,100
Viande de Rat Bougri,Viande,100
Plume du Rasboul Majeur,Plume,100
Clef du Potager d'Halouine,Clef,100
Essence de Dragon Cochon,Essence de gardien de donjon,100
Essence de Koulosse,Essence de gardien de donjon,100
Graine de Pandouille,Graine,100
Planche en Bambou Sacré,Planche,100
Clef de l'antre du Dragon Cochon,Clef,100
Poisskaille,Poisson,100
Obsidienne,Minerai,100
Graine de Frostiz,Graine,100
Cuisse de Boufmouth,Viande,100
Huile de Frostiz,Huile,100
Poisskaille Givré vidé,Poisson vidé,100
Viande de Chachachovage,Viande,100
Rouflaquettes d'Halouine,Poil,100
Poche de charbon de Grasmera,Ressources diverses,100
Essence de Meulou,Essence de gardien de donjon,100
Dents de Meulou,Os,100
Rutile,Alliage,100
Clef du labyrinthe du Dragon Cochon,Clef,100
Clef du Donjon des Canidés,Clef,100
Pierre du Koulosse,Pierre brute,100
Perce-Neige,Fleur,100
Bois de Tremble,Bois,100
Planche en Tremble,Planche,100
Farine de Frostiz,Farine,100
Scie à glace,Ressources diverses,100
Plaque d'acier,Alliage,100
Gants de protection,Ressources diverses,100
Frostiz soufflé,Céréale,100
Etoile des neiges,Fleur,100
Chair de Crabe Hijacob,Viande,100
Viande de Gélikan conservée,Viande conservée,100
Ardonite,Alliage,100
Galet rutilant,Galet,100
Galet boucané,Galet,100
Chicots d'Halouine,Os,100
Puces Sauteuses,Ressources diverses,100
Écaille de Grasmera,Peau,100
Andésite,Pierre brute,100
Éclat de Dofushu,Ressources diverses,100
Essence de Moon,Essence de gardien de donjon,100
Poils du Meulou,Poil,100
Kobalite,Alliage,100
Farine de Xavier le Boulanger,Farine,100
Planche en Bois Ancestral,Planche,100
Etoffe Magique de Moon,Etoffe,100
Viande de Gélikan,Viande,100
Viande de Chachachovage conservée,Viande conservée,100
Chair de Crabe Hijacob conservée,Viande conservée,100
Bave Empoisonnée,Ressources diverses,100
Galet Lunaire,Galet,100
Shusheton,Ressources diverses,100
Dragolait,Ressources diverses,100
Groin de Dragon Cochon,Ressources diverses,100
Bois de Bambou Sacré,Bois,100
Tresse du Koulosse,Ressources diverses,100
Bâton Solide,Ressources diverses,100
Masque de protection,Vêtement,100
Farine de Frostiz soufflé,Farine,100
Poisskaille vidé,Poisson vidé,100
Viande de Rat Bougri conservée,Viande conservée,100
Graines de Citwouille Maudites,Graine,100
Orbe améthyste,Pierre précieuse,100
Peau de Don Duss Ang,Peau,97
Corne de Dragoss Blanc,Os,96
Corne de Dragoss Doré,Os,96
Poils du Mulou,Poil,96
Griffe du Milimulou,Os,96
Laine du Boufcoul,Laine,96
Corne de Dragoss Noir,Os,96
Corne de Dragoss Saphir,Os,96
Coquille de Dragoss,Coquille,96
Ivoire,Os,95
Bwak Squelettique,Ressources diverses,94
Os de Mama Koalak,Os,94
Peau de Cochon de Farle,Peau,94
Peau de Drakoalak,Peau,94
Poil de Kanigrou,Poil,92
Faux menton du Bourbassingue,Ressources diverses,92
Ambre Ancestral,Pierre précieuse,90
Clef du Donjon des Abraknydes,Clef,90
Fronde du cavalier Brise-pierre,Ressources diverses,90
Essence d'Abraknyde Ancestral,Essence de gardien de donjon,90
Clef du Barrage Dure-Tête,Clef,90
Dragoviande Conservée ****,Viande conservée,90
Bourgeon de l'Abraknyde Ancestral,Bourgeon,90
Armure de Nimbroyeur,Ressources diverses,90
Essence de Colonimb,Essence de gardien de donjon,90
Planche en Orme,Planche,90
Arkaillou,Pierre précieuse,90
Épaulettes du Colonimb,Ressources diverses,90
Bois d'Orme,Bois,90
Jambières de Cogneroc,Ressources diverses,90
Rune Pa So,Rune de forgemagie,90
Ambre Sombre,Pierre précieuse,88
Racine d'Abraknyde Sombre,Racine,86
Bourgeon de Fourbasse,Bourgeon,86
Aile de Dragodinde Dorée,Aile,86
Poils de barbe du cavalier Ronimbos,Poil,86
Chope vide,Ressources diverses,86
Pétale de Trukikol,Fleur,85
Patron de Redolphe,Nowel,85
Poil de Chachachovage,Poil,85
Nez-Rouge de Redolphe,Nowel,85
Bois Envoûté,Bois,85
Bourgeon d'Abraknyde Vénérable,Bourgeon,84
Poils de Koalak Coco,Poil,84
Poils de Koalak Reinette,Poil,84
Poils de Koalak Indigo,Poil,84
Poils de Koalak Griotte,Poil,84
Peau de Piralak,Peau,84
Poils de Koalak Forestier,Poil,84
Dent de Cuirhacher,Os,83
Étoffe de Ouassingue,Etoffe,83
Fleur de Gloutovore,Fleur,82
Caleçon Mignon du Capitaine Pirate,Vêtement,82
Bois de Charme,Bois,80
Requin Marché-Libre,Poisson,80
Carré de Porc ****,Viande,80
Fragment de Coquille d'Aquabralak le Guerrier,Coquille,80
Boule polie,Pierre brute,80
Duvet du Kilibriss,Poil,80
Plume de fesse du Kido,Plume,80
Morceau de clef Griotte,Clef,80
Morceau de clef Coco,Clef,80
Morceau de clef Indigo,Clef,80
Fantôme de Blérodoudou,Fantôme de Familier,80
Estomac de Black Wo Wabbit,Ressources diverses,80
Boulon Wabbit,Ressources diverses,80
Essence de Wa Wobot,Essence de gardien de donjon,80
Or,Minerai,80
Requin marché-libre vidé,Poisson vidé,80
Pierre d'Agathe,Pierre brute,80
Fragment de Coquille de Terrakoubiak le Guerrier,Coquille,80
Crinière fleurie,Plante,80
Aile du Bitouf des Plaines,Aile,80
Morceau de clef Reinette,Clef,80
Boostoplasme,Ressources diverses,80
Fantôme de Kanigloups,Fantôme de Familier,80
Hormone de Bulbisou,Poudre,80
Barbe du Wa Wobot,Poil,80
Poil de Wobot Kiafin,Poil,80
Cale en bois du Wa Wobot,Bois,80
Jus de Ouassingue,Ressources diverses,80
Moustache de Boostache,Poil,80
Hormone de Blérodoudou,Poudre,80
Casque de Wobot,Vêtement,80
Pelote d'Ecaflip,Ressources diverses,80
Cuisse de Wabbit ****,Viande,80
Planche en Bambou Sombre,Planche,80
Fantôme de Bisouglours,Fantôme de Familier,80
Clef du Terrier du Wa Wabbit,Clef,80
Bâton de Blanc Pa Wabbit,Ressources diverses,80
Viande de Kanigrou Conservée **,Viande conservée,80
Viande de Kanigrou Conservée ****,Viande conservée,80
Requin Marteau-Faucille,Poisson,80
Kole,Ressources diverses,80
Requin marteau-faucille vidé,Poisson vidé,80
DragoViande ****,Viande,80
Cuisse de Wabbit Conservée ****,Viande conservée,80
Kriptonite,Alliage,80
Agathe,Pierre précieuse,80
Dolomite,Minerai,80
Planche en Charme,Planche,80
Fragment de Coquille d'Ignelicrobur le Guerrier,Coquille,80
Fragment de Coquille d'Aerohouctor le Guerrier,Coquille,80
Viande de Kanigrou,Viande,80
Viande de Kanigrou Conservée,Viande conservée,80
Fragment de cerveau poli,Pierre précieuse,80
Hormone de Kanigloups,Poudre,80
Fantôme de Bulbisou,Fantôme de Familier,80
Hormone de Bisouglours,Poudre,80
Lunettes de Tiwobot,Ressources diverses,80
Boomerang du Warko Marron,Ressources diverses,78
Défense de Gliglicérin,Os,76
Sabot de Gliglidromel,Os,76
Bois de Kaliptus,Bois,75
Flaque Novice,Ressources diverses,75
Œil de Krokille,Oeil,75
Poudre Novice,Poudre,75
Fumée Novice,Ressources diverses,75
Boue Novice,Ressources diverses,75
Estomac de Gligli,Ressources diverses,75
Oeuf de Dragoeuf Blanc,Oeuf,74
Pierre Médicinale,Pierre brute,74
Oeuf de Dragoeuf de Saphir,Oeuf,74
Oeuf de Dragoeuf Doré,Oeuf,74
Oeuf de Dragoeuf Noir,Oeuf,74
Boomerang du Dok Alako,Ressources diverses,74
Étoffe de Gliglimuable,Etoffe,74
Os de Pékeualak,Os,74
Radius de Canon Dorf,Os,72
Cuir de Gliglitch,Cuir,71
Bois d'Ebène,Bois,70
Bar Iton,Poisson,70
Chaton-Perche,Poisson,70
Planche en Ebène,Planche,70
Méga Pierre du Craqueleur Légendaire,Pierre brute,70
Duvet de Nelween,Poil,70
Chanvre,Céréale,70
Chanvre Euphorique,Céréale,70
Pierre de Topaze,Pierre brute,70
Pierre du Craqueleur Légendaire,Pierre brute,70
Viande de Crocodaille,Viande,70
Morceau de caleçon de Gourlo,Vêtement,70
DragoViande ***,Viande,70
Dragoviande Conservée ***,Viande conservée,70
Clef de l'Arche d'Otomaï,Clef,70
Essence de Gourlo le Terrible,Essence de gardien de donjon,70
Perche,Poisson,70
Carré de Porc Conservé ****,Viande conservée,70
Museau Conservé ***,Viande conservée,70
Planche en Bois de Kaliptus,Planche,70
Clef du Donjon des Rats de Brâkmar,Clef,70
Viande de Crocodaille Conservée,Viande conservée,70
Cagoule du Kanniboul Ebil,Vêtement,70
Fiole de fumée de Nelween,Matériel d'alchimie,70
Essence de Craqueleur Légendaire,Essence de gardien de donjon,70
Essence de Nelween,Essence de gardien de donjon,70
Ongle de DragOeuf,Os,70
Bauxite,Minerai,70
Perche vidée,Poisson vidé,70
Chaton-perche vidé,Poisson vidé,70
Oreille de Kanigrou,Oreille,70
Topaze,Pierre précieuse,70
Silicate,Minerai,70
Clef du Donjon des Craqueleurs,Clef,70
Étoffe de Gourlo le Terrible,Etoffe,70
Carniflore,Fleur,70
Clef du Laboratoire de Brumen Tinctorias,Clef,70
Écaille de Chef Crocodaille,Peau,69
Touffe rousse du Flib,Poil,68
Etoffe de Fantôme Hicide,Etoffe,68
Maillot de corps de Barbroussa,Vêtement,66
Pic de Dragodinde Rousse Sauvage,Os,66
Fibre de Lin,Etoffe,66
Linceul,Etoffe,65
Osier Sombre,Ressources diverses,65
Relique Familiale,Ressources diverses,65
Silex,Pierre brute,65
Fragment de Pierre Pointue,Pierre brute,65
Flamme Spectrale,Ressources diverses,65
Foulard du Sparo,Vêtement,64
Peau de Koalak Immature,Peau,64
Coffret maudit,Ressources diverses,64
Bandeau de Nakunbra,Vêtement,63
Dent de Dragodinde,Os,61
Pic de Dragodinde,Os,61
Dent en Or du Craqueleur,Os,61
Gelée Bleutée Royale,Gelée,60
Kouartz,Alliage,60
Carré de Porc ***,Viande,60
Bois de Bambou Sombre,Bois,60
Étoffe du Wa Wabbit,Etoffe,60
Feuille de Blop Royal,Plante,60
Mâchoire de l'Os Théo,Os,60
Essence de Blop Coco Royal,Essence de gardien de donjon,60
Essence de Kanniboul Ebil,Essence de gardien de donjon,60
Argent,Minerai,60
Morceau de clef du Matin Pewlant,Ressources diverses,60
Cuisse de Wabbit Conservée ***,Viande conservée,60
Dragoviande Conservée **,Viande conservée,60
Gelée Citron Royale,Gelée,60
Aigue-Marine,Pierre précieuse,60
Poil du Wa Wabbit,Poil,60
Poil de Rat d'Hyoactif,Poil,60
Clef du Donjon des Blops,Clef,60
Fleur de Gloutoblop,Fleur,60
Fleur de Blop Griotte Royal,Fleur,60
Lanière en cuir de l'Os Andeuk'Hou,Ressources diverses,60
Malt,Céréale,60
DragoViande **,Viande,60
Carré de Porc Conservé ***,Viande conservée,60
Crocs de Rats,Os,60
Peau de Rat d'Égoutant,Peau,60
Fleur de Blop Coco Royal,Fleur,60
Fleur de Blop Reinette Royal,Fleur,60
Clef du Donjon Kanniboul,Clef,60
Omoplate de l'Os Andeuk'Hou,Os,60
Essence de Blop Griotte Royal,Essence de gardien de donjon,60
Essence de Blop Reinette Royal,Essence de gardien de donjon,60
Bois de Merisier,Bois,60
Morceau de clef du Midi Wayonnant,Ressources diverses,60
Multygely,Clef,60
Cuisse de Wabbit ***,Viande,60
Viande d'Oiseau Conservée ****,Viande conservée,60
Gelée Citron,Gelée,60
Pierre d'Aigue-Marine,Pierre brute,60
Viande de Koalak,Viande,60
Fleur de Blop Indigo Royal,Fleur,60
Plume du Kwakwa,Plume,60
Clef du Château du Wa Wabbit,Clef,60
Morceau de clef du Soiw Woulant,Ressources diverses,60
Gelée Menthe Royale,Gelée,60
Gelée Fraise Royale,Gelée,60
Planche en Merisier,Planche,60
Feuille de Kaliptus,Plante,60
Fleur de Kaliptus,Fleur,60
Peau de Raul Mops,Peau,60
Bec du Kwakwa,Os,60
Essence de Gelée Royale,Essence de gardien de donjon,60
Essence de Wa Wabbit,Essence de gardien de donjon,60
Essence de Blop Indigo Royal,Essence de gardien de donjon,60
Gelée à la Fraise,Gelée,58
Poupée Vaudou Archer,Ressources diverses,57
Poupée Vaudou Thierry,Ressources diverses,57
Poupée Vaudou Sarbak,Ressources diverses,57
Bananagrume,Fruit,57
Poupée Vaudou Jav,Ressources diverses,57
Gelée à la Menthe,Gelée,56
Estomac de Wo Wabbit,Ressources diverses,56
Dent de Larve Champêtre,Os,56
Oreille du Grand Pa Wabbit,Oreille,56
Huile d'os,Huile,55
Coquille de Dragoeuf Blanc,Coquille,54
Gelée Bleutée,Gelée,54
Pollen de Blop,Ressources diverses,54
Coquille de Dragoeuf Doré,Coquille,54
Poil de Chamane d'Egoutant,Poil,54
Graisse de Gelée,Ressources diverses,54
Bandeau de Black Wabbit Squelette,Vêtement,54
Coquille de Dragoeuf Noir,Coquille,54
Coccyx du Corailleur,Os,54
Coquille de Dragoeuf Saphir,Coquille,54
Fleur de Blopignon,Fleur,54
Bout de Blop Reinette,Ressources diverses,52
Bout de Blop Indigo,Ressources diverses,52
Bout de Blop Coco,Ressources diverses,52
Racine de Tronkoblop,Racine,52
Bout de Blop Griotte,Ressources diverses,52
Crâne de Wabbit Squelette,Os,52
Bandelettes,Ressources diverses,51
Nœud de Marin,Ressources diverses,51
Bois d'If,Bois,50
Seigle,Céréale,50
Potion d'Ouragan,Potion de forgemagie,50
Rune Ga Pa,Rune de forgemagie,50
Raie Bleue,Poisson,50
Raie bleue vidée,Poisson vidé,50
Farine de Riz,Farine,50
Sacrum magistral,Os,50
Fausse dent de Grozilla,Os,50
Cristal,Pierre précieuse,50
Laine de Bouftou Royal,Laine,50
Metaria Mage rouge,Metaria,50
Metaria Mage verte,Metaria,50
Raie de Farle vidée,Poisson vidé,50
Cuisse de Bouftou Conservée ****,Viande conservée,50
Bois d'Oliviolet,Bois,50
Bois de Bambou,Bois,50
Planche en If,Planche,50
Serrure du Coffre des Forgerons,Ressources diverses,50
Galet Saisonnier,Galet,50
Clef du Roc Ostique,Clef,50
Essence de Bworkette,Essence de gardien de donjon,50
Essence de Corailleur Magistral,Essence de gardien de donjon,50
Saphir,Pierre précieuse,50
Edelweiss,Fleur,50
Potion de Séisme,Potion de forgemagie,50
Cuisse de Bouftou ****,Viande,50
Chair d'Insecte **,Viande,50
Museau Conservé **,Viande conservée,50
Tissu Sombre,Etoffe,50
Petite Perle Dorée,Ressources diverses,50
Pousses de Bambou,Bois,50
Planche en Bombu,Planche,50
Planche en Bambou,Planche,50
Dent de Shin Larve,Os,50
Peau de Bworkette,Peau,50
Poil de Bworkette,Poil,50
Clef de la Grotte Hesque,Clef,50
Nacre,Pierre précieuse,50
Galet cramoisi,Galet,50
Écaille de Grozilla,Peau,50
Patte de Black Wabbit,Patte,50
Viande d'Oiseau Conservée ***,Viande conservée,50
Rembourrage du Coffre des Forgerons,Ressources diverses,50
Charbon,Minerai,50
Potion de Tsunami,Potion de forgemagie,50
Rune Ga Pme,Rune de forgemagie,50
Carré de Porc **,Viande,50
Museau **,Viande,50
Chair d'Insecte Conservée **,Viande conservée,50
Oeuf de Larve Dorée,Clef,50
Clef du Donjon des Bworks,Clef,50
Galet bistré,Galet,50
Morceau de capuche de l'Os Ther,Vêtement,50
Essence de Bouftou Royal,Essence de gardien de donjon,50
Essence de Shin Larve,Essence de gardien de donjon,50
Diamant,Pierre précieuse,50
Émeraude,Pierre précieuse,50
Noix de Pécan,Graine,50
Etain,Minerai,50
Rubis,Pierre précieuse,50
Cuir de Bouftou Royal,Cuir,50
Potion d'Incendie,Potion de forgemagie,50
Metaria Mage bleue,Metaria,50
Metaria Mage jaune,Metaria,50
Raie de Farle,Poisson,50
Sardine Brillante vidée,Poisson vidé,50
Sardine Sombre vidée,Poisson vidé,50
Carré de Porc Conservé **,Viande conservée,50
Seigle Résistant,Céréale,50
Bois de Bombu,Bois,50
Corail Magistral,Pierre brute,50
Nacre brute,Pierre brute,50
Clef du Nid du Kwakwa,Clef,50
Colonne Vertébrale d'Os Thyl,Os,50
Essence de Kwakwa,Essence de gardien de donjon,50
Peau de Larve Rubis,Peau,49
Peau de Larve Dorée,Peau,49
Cuir du Chef de Guerre Bouftou,Cuir,48
Patte de Wabbit,Patte,48
Cuir du Cochon de Lait,Cuir,47
Bougie du Mineur Sombre,Ressources diverses,47
Dent de Larve Émeraude,Os,47
Chaînes Brisées,Ressources diverses,47
Écaille de Crocodaille,Peau,46
Graine collante,Graine,46
Trident Cassé,Ressources diverses,46
Poils de Black Tiwabbit,Poil,46
Fibre de Chanvre,Etoffe,46
Peau de Crocodaille,Peau,46
Bave de Bouftou,Ressources diverses,45
Bois de Tronknyde,Bois,45
Capsule Explosive,Ressources diverses,45
Bourse Suspecte,Ressources diverses,45
Oreilles du Tiwabbit,Oreille,45
Planche en Bois Envoûté,Planche,45
Peau de Larve Saphir,Peau,45
Poils de Barbe du Bwork Mage,Poil,45
Cawotte,Légume,44
Plume du Kwak de Terre,Plume,44
Groin Porcin,Ressources diverses,44
Griffes de Kwak,Ressources diverses,44
Plume Graisseuse du Tofu Ventripotent,Plume,44
Bulbe Morito,Plante,44
Branche de Tiwabbit Kiafin,Bois,44
Plume du Kwak de Glace,Plume,44
Plume du Kwak de Vent,Plume,44
Sève d'Abraknyde,Ressources diverses,44
Bulbe Kouraçao,Plante,44
Bulbe Malibout,Plante,44
Bulbe Passaoh,Plante,44
Bave de La Ouassingue,Ressources diverses,44
Dent de Wabbit,Os,44
Corne de Bouftou,Os,44
Slip en cuir du Chafer Lancier,Vêtement,44
Plume du Kwak de Flamme,Plume,44
Fémur du Chafer Archer,Os,44
Poil de Sanglier des Plaines,Poil,44
Ailes du Scarafeuille Noir,Aile,44
Patte d'Arakne Majeure,Patte,43
Kokopaille,Ressources diverses,43
Noix de Cajou,Graine,43
Dentier du Chafer d'Élite,Os,43
Laine de Boufton Noir,Laine,43
Sceau Royal Contrefait,Ressources diverses,43
Pointe de Flèche du Bwork Archer,Ressources diverses,43
Racine d'Abraknyde,Racine,43
Ambre,Pierre précieuse,43
Cuir de Porkass,Cuir,43
Cuir Violet de Bwork,Cuir,43
Pince de Crabe,Os,42
Poutre en Bois de Kokoko,Bois,42
Planche en bois de Kokoko,Planche,42
Dent de Garglyphe,Os,42
Tronc de Kokoko,Bois,42
Noix de Kokoko,Fruit,42
Feuille de Grokoko,Plante,42
Conque Marine,Ressources diverses,42
Doublure de Ouassingue,Etoffe,42
Duvet de Bourdard,Poil,41
Papier Charbon,Ressources diverses,41
Graine de la Discorde,Graine,41
Laine de Boufton Blanc,Laine,41
Pierre de Dopeul,Pierre précieuse,41
Slip en Cuir Moulant du Vampire,Vêtement,41
Miroir de Dopeul,Ressources diverses,41
Manganèse,Minerai,40
Bois d'Erable,Bois,40
Bar Iton vidé,Poisson vidé,40
Carpette des sables,Poisson,40
Cuisse de Wabbit **,Viande,40
DragoViande,Viande,40
Lin Tempête,Céréale,40
Clef du Donjon des Scarafeuilles,Clef,40
Essence de Boostache,Essence de gardien de donjon,40
Essence de Chafer Rōnin,Essence de gardien de donjon,40
Essence du Coffre des Forgerons,Essence de gardien de donjon,40
Ficelle en Lin,Ressources diverses,40
Bakélélite,Alliage,40
Bar Rikain,Poisson,40
Carpe d'Iem,Poisson,40
Viande d'Oiseau Conservée **,Viande conservée,40
Dragoviande Conservée,Viande conservée,40
Viscères du Scarabosse Doré,Ressources diverses,40
Ailes du Scarabosse Doré,Aile,40
Clef de la Maison Fantôme,Clef,40
Fémur du Chafer Rōnin,Os,40
Mâchoire du Chafer Draugr,Os,40
Casque du Chafer Primitif,Vêtement,40
Rune Pa Ré Feu,Rune de forgemagie,40
Orchidée Freyesque,Fleur,40
Plume du Dernier Poolay,Plume,40
Bar Rikain vidé,Poisson vidé,40
Cuisse de Bouftou Conservée ***,Viande conservée,40
Clef du Donjon des Tofus,Clef,40
Clef du Donjon Ensablé,Clef,40
Plume du Batofu,Plume,40
Peau de Mob l'Eponge,Peau,40
Clef du Donjon de Nowel,Clef,40
Oeil de Mob l'Eponge,Oeil,40
Essence de Mob l'Eponge,Essence de gardien de donjon,40
Rune Pa Ré Eau,Rune de forgemagie,40
Rune Pa Ré Terre,Rune de forgemagie,40
Lin,Céréale,40
Farine Complète,Farine,40
Bois de Kaerlier,Bois,40
Planche en Erable,Planche,40
Pétale Magique du Tournesol Affamé,Fleur,40
Essence de Batofu,Essence de gardien de donjon,40
Bec du Batofu,Os,40
Essence de Tournesol Affamé,Essence de gardien de donjon,40
Essence de Scarabosse Doré,Essence de gardien de donjon,40
Rune Pa Ré Air,Rune de forgemagie,40
Rune Pa Ré Neutre,Rune de forgemagie,40
Coton Ancestral,Ressources diverses,40
Clef du Donjon des Squelettes,Clef,40
Viande d'Oiseau **,Viande,40
Cuisse de Bouftou ***,Viande,40
Cuisse de Wabbit Conservée **,Viande conservée,40
Gros Boulet,Ressources diverses,40
Écaille poisseuse,Peau,40
Moule de Clef du Donjon de Nowel,Nowel,40
Serviette de Plage,Etoffe,40
Papatte de Croc Gland,Patte,39
Sang du Vampire,Ressources diverses,38
Ailes de Scarafeuille Bleu,Aile,38
Ailes de Scarafeuille Vert,Aile,38
Viscères de Scarafeuille,Ressources diverses,38
Corail Morito,Pierre brute,38
Pince de Crustorail,Os,38
Corail Passaoh,Pierre brute,38
Fruit de Palme,Fruit,38
Ailes de Scarafeuille Blanc,Aile,38
Ailes de Scarafeuille Rouge,Aile,38
Corail Kouraçao,Pierre brute,38
Corail Malibout,Pierre brute,38
Crème à bronzer,Ressources diverses,38
Poudre explosive du champa,Poudre,38
Tranche de Tikokoko,Bois,38
Peau de Larve Orange,Peau,37
Tissu Invisible,Etoffe,37
Crâne de Chafer,Os,36
Herbe Folle,Plante,36
Queue de scorbute,Queue,36
Os de Chafer,Os,36
Peau de Larve Verte,Peau,36
Sang infecté,Ressources diverses,36
Champignon Luidegît,Champignon,35
Fluide Glacial,Ressources diverses,35
Planche en Oliviolet,Planche,35
Fil de Soie,Ressources diverses,35
Sporme du Champ Champ,Ressources diverses,35
Os Surprise du Chafer Fantassin,Os,35
Planche en Bois de Tronknyde,Planche,35
Champignon,Champignon,34
Nageoire de Compétition,Ressources diverses,34
Côtes du Rib,Os,33
Peau de Larve Bleue,Peau,33
Coeur de Bworkcelhaine,Ressources diverses,33
Résine végétale,Ressources diverses,33
Huile de Palme,Huile,32
Poils du Milimilou,Poil,32
Huile de Noix,Huile,32
Huile de Koode,Huile,32
Fleur de Pissenlit Diabolique,Fleur,31
Ongle de Chevaucheur de Karne,Os,31
Peau de Gobelin,Peau,31
Feuille de Menthe Sauvage,Plante,30
Sève d'Abraknyde Retravaillée,Ressources diverses,30
Pierre de Rubis,Pierre brute,30
Rune Ra Fo,Rune de forgemagie,30
Plume de Corbac,Plume,30
Rune Pa Pod,Rune de forgemagie,30
Rune Ra Pod,Rune de forgemagie,30
Rune Ra Ini,Rune de forgemagie,30
Planche en Chêne,Planche,30
Clef des Champs,Clef,30
Rune Pa Pui,Rune de forgemagie,30
Houblon,Céréale,30
Pierre de Saphir,Pierre brute,30
Magnésite,Alliage,30
Rune Ra Sa,Rune de forgemagie,30
Viande d'Oiseau ****,Viande,30
Graine de Pavot,Graine,30
Kobalte,Minerai,30
Bois de Chêne,Bois,30
Farine Paysanne,Farine,30
Liquide vampiresque,Ressources diverses,30
Rune Ra Ine,Rune de forgemagie,30
Clef du Donjon des Bouftous,Clef,30
Clef du Donjon des Forgerons,Clef,30
Carré de Porc,Viande,30
Museau Conservé,Viande conservée,30
Oeuf de Tofu,Oeuf,30
Pierre de Diamant,Pierre brute,30
Pierre de Cristal,Pierre brute,30
Rune Ra Cha,Rune de forgemagie,30
Moumoule,Ressources diverses,30
Rune Ra Pui,Rune de forgemagie,30
Plumes de Tofu,Plume,30
Pierre d'Émeraude,Pierre brute,30
Rune Ra Vi,Rune de forgemagie,30
Rune Ra Age,Rune de forgemagie,30
Pierre de Crystaloboule,Pierre précieuse,30
Museau,Viande,30
Carré de Porc Conservé,Viande conservée,30
Houblon Brillant,Céréale,30
Fleur de Lotus,Fleur,30
Œuf de Tofu frais,Oeuf,30
Graine de Tournesol Sauvage,Graine,29
Oeil de Kolérat,Oeil,29
Épine du Champ Champ,Ressources diverses,28
Boue du Boo,Ressources diverses,27
Pétale de Rose Démoniaque,Fleur,27
Fleur de Blop Reinette,Fleur,26
Fleur de Blop Indigo,Fleur,26
Feuille de Salace,Légume,26
Ailes de Moskito,Aile,26
Pic du Prespic,Os,26
Fleur de Blop Coco,Fleur,26
Fleur de Blop Griotte,Fleur,26
Graisse de Biblop,Ressources diverses,26
Oeil de Kwoan,Oeil,26
Metaria Triame verte,Metaria,25
Metaria Triame rouge,Metaria,25
Patron du Glutin,Nowel,25
Tatouage de Mauvais Garçon,Ressources diverses,25
Metaria Triame jaune,Metaria,25
Flaque Juvénile,Ressources diverses,25
Fumée Juvénile,Ressources diverses,25
Potion de Flambée,Potion de forgemagie,25
Cendres Juvéniles,Poudre,25
Cendres Matures,Poudre,25
Potion d'Eboulement,Potion de forgemagie,25
Potion d'Averse,Potion de forgemagie,25
Poudre Juvénile,Poudre,25
Cendres Novices,Poudre,25
Jaune d'Œuf de Krokille,Oeuf,25
Potion de Rafale,Potion de forgemagie,25
Metaria Triame bleue,Metaria,25
Boue Juvénile,Ressources diverses,25
Fond de Culotte de Glugubrr,Nowel,25
Gland,Graine,24
Cuir de Sanglier,Cuir,24
Carapace Jaune Vide,Carapace,24
Pétale de Blop,Fleur,24
Paupière d'Étoile,Ressources diverses,24
Poils de souris,Poil,24
Carapace Bleue Vide,Carapace,24
Noisette,Graine,24
Carapace Verte Vide,Carapace,24
Carapace Rouge Vide,Carapace,24
Aile du Tofu Maléfique,Aile,23
Patte d'Arakne,Patte,22
Pierre du Craquebille,Pierre brute,22
Plume de Piou Vert,Plume,21
Plume de Piou Jaune,Plume,21
Plume de Piou Bleu,Plume,21
Plume de Piou Rouge,Plume,21
Plume de Piou Rose,Plume,21
Plume de Piou Violet,Plume,21
Bois de Noyer,Bois,20
Avoine,Céréale,20
Ebonite,Alliage,20
Kralamoure Unique,Poisson,20
Sardine Brillante,Poisson,20
Cuisse de Wabbit,Viande,20
Cuisse de Bouftou **,Viande,20
Riz,Céréale,20
Planche en Noyer,Planche,20
Rune Pa Prospe,Rune de forgemagie,20
Rune Fui,Rune de forgemagie,20
Rune Ré Pa,Rune de forgemagie,20
Rune Pa Ret Pme,Rune de forgemagie,20
Rune Do Cri,Rune de forgemagie,20
Rune Ré Cri,Rune de forgemagie,20
Rune Pa Do Terre,Rune de forgemagie,20
Rune Do Feu,Rune de forgemagie,20
Rune Pa Do Eau,Rune de forgemagie,20
Rune Pa Do Air,Rune de forgemagie,20
Rune Pa Do Neutre,Rune de forgemagie,20
Rune Pa Age,Rune de forgemagie,20
Sardine Sombre,Poisson,20
Chair de Larve Conservée ***,Viande conservée,20
Rune Do,Rune de forgemagie,20
Rune Invo,Rune de forgemagie,20
Rune Pa Tac,Rune de forgemagie,20
Rune Pa Ré Pme,Rune de forgemagie,20
Rune Pa Ret Pa,Rune de forgemagie,20
Rune Do Terre,Rune de forgemagie,20
Rune Do Air,Rune de forgemagie,20
Rune Do Neutre,Rune de forgemagie,20
Rune Pa Ine,Rune de forgemagie,20
Rune So,Rune de forgemagie,20
Rune Pa Fui,Rune de forgemagie,20
Rune Ret Pa,Rune de forgemagie,20
Rune Pa Do Pou,Rune de forgemagie,20
Rune Pa Ré Pou,Rune de forgemagie,20
Rune Pa Ré Cri,Rune de forgemagie,20
Rune Pa Do Feu,Rune de forgemagie,20
Graine de Sésame,Graine,20
Poison cinglant,Ressources diverses,20
Rune Pa Fo,Rune de forgemagie,20
Kralamoure Unique vidé,Poisson vidé,20
Cuisse de Wabbit Conservée,Viande conservée,20
Avoine Aurifère,Céréale,20
Rune Cri,Rune de forgemagie,20
Rune Po,Rune de forgemagie,20
Rune Pa Ini,Rune de forgemagie,20
Rune Tac,Rune de forgemagie,20
Rune Do Pou,Rune de forgemagie,20
Rune Ré Pou,Rune de forgemagie,20
Trèfle à 5 feuilles,Plante,20
Bronze,Minerai,20
Farine Bise,Farine,20
Kralamoure,Poisson,20
Rune Pa Sa,Rune de forgemagie,20
Rune Pa Vi,Rune de forgemagie,20
Rune Pa Cha,Rune de forgemagie,20
Kralamoure vidé,Poisson vidé,20
Cuisse de Bouftou Conservée **,Viande conservée,20
Rune Pui,Rune de forgemagie,20
Rune Pod,Rune de forgemagie,20
Rune Pa Ré Pa,Rune de forgemagie,20
Rune Ré Pme,Rune de forgemagie,20
Rune Ret Pme,Rune de forgemagie,20
Rune Pa Do Cri,Rune de forgemagie,20
Rune Do Eau,Rune de forgemagie,20
Huile de Tournesol Sauvage,Huile,12
Fleur de Chanvre,Fleur,10
Bois de Châtaignier,Bois,10
Teinture Magique Verdâtre,Teinture,10
Teinture Magique Bleutée,Teinture,10
Cuisse de Boufton,Viande,10
Rune Ini,Rune de forgemagie,10
Rune Ré Neutre,Rune de forgemagie,10
Cuivre,Minerai,10
Rune Vi,Rune de forgemagie,10
Rune Age,Rune de forgemagie,10
Rune Ré Per Eau,Rune de forgemagie,10
Tourmaline,Pierre précieuse,10
Graine de Chanvre,Graine,10
Lingot d'Or,Alliage,10
Aluminite,Alliage,10
Carpette des sables vidée,Poisson vidé,10
Brochet vidé,Poisson vidé,10
Chair de Larve ***,Viande,10
Rune Ré Air,Rune de forgemagie,10
Rune Ré Eau,Rune de forgemagie,10
Rune Ré Terre,Rune de forgemagie,10
Rune Ré Per Terre,Rune de forgemagie,10
Rune Ré Per Neutre,Rune de forgemagie,10
Fantôme de Kwaltess,Fantôme de Montilier,10
Fantôme de Bloalak,Fantôme de Familier,10
Orge,Céréale,10
Rune Cha,Rune de forgemagie,10
Teinture Magique Sombre,Teinture,10
Carpe d'Iem vidée,Poisson vidé,10
Brochet Tupe-Halett,Poisson,10
Chair de Larve Conservée **,Viande conservée,10
Planche en Châtaignier,Planche,10
Rune Prospe,Rune de forgemagie,10
Rune Ré Feu,Rune de forgemagie,10
Rune Fo,Rune de forgemagie,10
Rune Sa,Rune de forgemagie,10
Rune Ine,Rune de forgemagie,10
Teinture Magique de Rougeur,Teinture,10
Teinture Magique Orange,Teinture,10
Brochet,Poisson,10
Brochet Tupe-Halett vidé,Poisson vidé,10
Cuisse de Bouftou Conservée,Viande conservée,10
Orge en Sucre,Céréale,10
Rune Ré Per Feu,Rune de forgemagie,10
Rune Ré Per Air,Rune de forgemagie,10
Rune de chasse,Rune de forgemagie,10
Poils de Kerubim,Poil,10
Fantôme de Brâkarien,Fantôme de Familier,10
Fantôme de Surime,Fantôme de Familier,10
Chair de Larve **,Viande,9
Os de Trooll,Os,5
Metaria bleue,Metaria,5
Metaria rouge,Metaria,5
Metaria jaune,Metaria,5
Metaria verte,Metaria,5
Ticket de loterie,Ressources diverses,2
Sel,Poudre,1
Farine de Blé,Farine,1
Levure de Boulanger,Poudre,1
Fer,Minerai,1
Pommes de Terre épluchées,Légume,1
Farine Blanche,Farine,1
Peinture noire,Ressources diverses,1
Ticket île de moon,Ressources diverses,1
Herbe à chat,Plante,1
Coque de Noix,Fruit,1
Bois élastique,Bois,1
Vieux Trèfle à 4 feuilles,Plante,1
Blague de Soufre,Poudre,1
Potion de Courant d'Air,Potion de forgemagie,1
Nonos,Os,1
Dose de jus goûtu,Ressources diverses,1
Terrine,Ressources diverses,1
Poisson Pané,Poisson,1
Crabe Sourimi vidé,Poisson vidé,1
Goujon,Poisson,1
Goujon Kiye vidé,Poisson vidé,1
Viande d'Oiseau,Viande,1
Huile à frire,Huile,1
Épices,Ressources diverses,1
Farine de Blé Magique,Farine,1
Pichon Eud'Compet,Poisson,1
Poudre d'Eniripsa,Poudre,1
Banane,Fruit,1
Aubergine,Fruit,1
Potion de Copeaux de Bois Solides,Potion de forgemagie,1
Peluche du Dopeul Sadida,Peluche,1
Peluche du Dopeul Sram,Peluche,1
Peluche du Dopeul Eniripsa,Peluche,1
Peluche du Dopeul Enutrof,Peluche,1
Peluche du Dopeul Féca,Peluche,1
Peluche du Prespic,Peluche,1
Peluche du Dragon Cochon,Peluche,1
Bilboquet Du Maître Corbac,Ressources diverses,1
Ballon rouge,Ressources diverses,1
Ballon jaune,Ressources diverses,1
Faux Koinkoin,Ressources diverses,1
Fantôme de Chienchien,Fantôme de Familier,1
Fantôme de Chacha,Fantôme de Familier,1
Fantôme de Bwak d'Air,Fantôme de Familier,1
Fantôme de Minimino,Fantôme de Familier,1
Peluche du Dopeul Sacrieur,Peluche,1
Poudre de résurrection,Poudre,1
Fantôme d'Atouin,Fantôme de Familier,1
Peau de Mulou Livide,Peau,1
Bout de Goldemort,Gelée,1
Fantôme Chacha Tigré,Fantôme de Familier,1
Crâne d'Enutrof,Os,1
Crâne de Iop,Os,1
Crâne de Crâ,Os,1
Crâne de Sacrieur,Os,1
Fantôme Bouloute du Parrain,Fantôme de Familier,1
Hormone d'Atouin,Poudre,1
Hormone de Bilby,Poudre,1
Hormone de Chacha Tigré,Poudre,1
Hormone de Crocodaille,Poudre,1
Hormone de Petit Chacha Blanc,Poudre,1
Hormone de Pioute,Poudre,1
Hormone de Wabbit,Poudre,1
Hormone de Meuch,Poudre,1
Hormone de Tofoudre,Poudre,1
Fantôme de Chacha des Glaces,Fantôme de Familier,1
Hormone de Chacha des Glaces,Poudre,1
Fantôme de Tifoux Tigré,Fantôme de Familier,1
Fantôme de Chienchien Tigré,Fantôme de Familier,1
Fantôme de Kouin-Kouin amélioré,Fantôme de Familier,1
Trousseau de clefs de Ben le Ripate,Clef,1
Hormone de Cromeugnon,Poudre,1
Pierre Noire de Vulkania,Souvenir,1
Conserve de Vacancier,Souvenir,1
Blague Glutine,Nowel,1
Emballage Boulduk,Emballage,1
Fantôme de Scarakiri,Fantôme de Familier,1
Hormone de Rauleur,Poudre,1
Fantôme de Meulourd,Fantôme de Familier,1
Hormone de Mékrabe,Poudre,1
Fantôme de Kroliméa,Fantôme de Familier,1
Crâne de Steamer,Os,1
Fantôme de Balafreux,Fantôme de Montilier,1
Fantôme de Bulbouture,Fantôme de Familier,1
Hormone de Kokulte,Poudre,1
Fantôme de Tofu Brakmarien,Fantôme de Familier,1
Fantôme de Tofu Bontarien,Fantôme de Familier,1
Hormone de Tofu Bontarien,Poudre,1
Fantôme de Boune Charmant,Fantôme de Familier,1
Hormone de Chacha Mesuré,Poudre,1
Fantôme de Chacha Poisseux,Fantôme de Familier,1
Hormone de Chacha Bontarien,Poudre,1
Fantôme de Gerbouille,Fantôme de Familier,1
Hormone de Dragouf Noir,Poudre,1
Hormone de Bontique,Poudre,1
Hormone de Godron Charmant,Poudre,1
Hormone de Godron Poisseux,Poudre,1
Hormone de Godron Ventru,Poudre,1
Fantôme de Kougnard Albâtre,Fantôme de Montilier,1
Fantôme de Tatouf,Fantôme de Familier,1
Hormone de Glub,Poudre,1
Hormone de Eliôme,Poudre,1
Hormone de Chauffe-souris d'Halouine,Poudre,1
Fantôme de Bouloute d'Halouine,Fantôme de Familier,1
Hormone de Bouloute d'Halouine,Poudre,1
Hormone de Mandrog,Poudre,1
Fantôme de Dehluge,Fantôme de Montilier,1
Fantôme de Serpiplume apprivoisé,Fantôme de Familier,1
Piraniak vidé,Poisson vidé,1
Blé,Céréale,1
Eau,Ressources diverses,1
Fleur de Lin,Fleur,1
Poudre de Perlinpainpain,Poudre,1
Farine d'Orge,Farine,1
Farine de Malt,Farine,1
Poisson-Chaton,Poisson,1
Indispensable Corde,Ressources diverses,1
Orties,Plante,1
Clochettes,Fleur,1
Immortelle,Plante,1
Bon 5000 Kek,Ressources diverses,1
Bol,Ressources diverses,1
Cerise,Fruit,1
Citron,Fruit,1
Jeton de la Foire du Trool,Ressources diverses,1
Crabe Sourimi Exotique,Poisson,1
Poisson-Chaton vidé,Poisson vidé,1
Greu-vette Horreur vidé,Poisson vidé,1
Truite vidée,Poisson vidé,1
Blé d'Or,Céréale,1
Farine de Houblon Magique,Farine,1
Farine de Lin magique,Farine,1
Orange,Fruit,1
Potion de métal lourd liquide,Potion de forgemagie,1
Peluche du Dopeul Xélor,Peluche,1
Hochet du Dark Vlad,Ressources diverses,1
Corde à Sauter du Captain Chafer,Ressources diverses,1
Boule à neige foire du trooll,Ressources diverses,1
Haricot,Graine,1
Sousouris,Ressources diverses,1
Rune de Signature,Pierre précieuse,1
Fantôme du Vilain Petit Corbac,Fantôme de Familier,1
Fantôme d'Ecureuil Chenapan,Fantôme de Familier,1
Fantôme de Mini Wa,Fantôme de Familier,1
Fantôme de Bouloute,Fantôme de Familier,1
Fantôme d'El Scarador,Fantôme de Familier,1
Fantôme Walk,Fantôme de Familier,1
Crâne de Feca,Os,1
Fantôme Chacha Angora,Fantôme de Familier,1
Fantôme de Gelutin,Fantôme de Familier,1
Fantôme de Goultus,Fantôme de Familier,1
Hormone de Fëanor,Poudre,1
Hormone de Walk,Poudre,1
Hormone de Chauffe-Souris,Poudre,1
Hormone de Bouloute du Parrain,Poudre,1
Hormone de Gelutin,Poudre,1
Hormone de Vampyrette,Poudre,1
Hormone de Dragoune Dorée,Poudre,1
Hormone de Goultus,Poudre,1
Fantôme de Raknaille,Fantôme de Familier,1
Fantôme de Gupin,Fantôme de Familier,1
Hormone de Gupin,Poudre,1
Hormone d'Ecumouth,Poudre,1
Fantôme de Givrefoux,Fantôme de Familier,1
Fantôme de Gwo Tofu Ventripotent,Fantôme de Familier,1
Fantôme de Serpète,Fantôme de Familier,1
Crâne de Roublard,Os,1
Figurine de Krokille,Souvenir,1
Emballage de mariage,Emballage,1
Emballage de corruption,Emballage,1
Emballage surprise,Emballage,1
Fantôme de Hurledent,Fantôme de Montilier,1
Fantôme de Sourisette,Fantôme de Familier,1
Fantôme de Mékrabe,Fantôme de Familier,1
Hormone de Ploup,Poudre,1
Alliogemme,Pierre précieuse,1
Hormone de Fosfo,Poudre,1
Hormone de Croum,Poudre,1
Hormone de Fotome,Poudre,1
Hormone de Minimino,Poudre,1
Fantôme de Boune Bontarien,Fantôme de Familier,1
Fantôme de Chacha Mesuré,Fantôme de Familier,1
Hormone de Chacha Charmant,Poudre,1
Hormone de Chacha Ventru,Poudre,1
Fantôme de Homlett,Fantôme de Familier,1
Hormone de Godron Bontarien,Poudre,1
Hormone de Godron Brâkmarien,Poudre,1
Fantôme de Godron Mesuré,Fantôme de Familier,1
Hormone de Godron Mesuré,Poudre,1
Fantôme de Godron Poisseux,Fantôme de Familier,1
Fantôme de Dragnir,Fantôme de Montilier,1
Hormone de Dragnir,Poudre,1
Fantôme de Drakopin,Fantôme de Familier,1
Hormone de Drakopin,Poudre,1
Hormone de Bloalak,Poudre,1
Hormone de Chaperlipopette,Poudre,1
Fantôme de Moumoute,Fantôme de Familier,1
Fantôme de Kometh,Fantôme de Familier,1
Fantôme de Siroko,Fantôme de Montilier,1
Fantôme de Brûlih,Fantôme de Montilier,1
Hormone de Noxine,Poudre,1
Hormone de Kokiroule,Poudre,1
Artefact Élémentaire Eau,Pierre précieuse,1
Graine de Lin,Graine,1
Farine de Houblon,Farine,1
Pierre à Aiguiser,Pierre brute,1
Toile peu ragoutante,Etoffe,1
Bouteille de rhum,Ressources diverses,1
Potion de Crachin,Potion de forgemagie,1
Potion de Secousse,Potion de forgemagie,1
Bocal,Matériel d'alchimie,1
Bon 1000 Kek,Ressources diverses,1
Poisson pané vidé,Poisson vidé,1
Poisson Igloo,Poisson,1
Crabe Sourimi,Poisson,1
Truite,Poisson,1
Truite Ancestrale,Poisson,1
Chair d'Insecte,Viande,1
Truite Ancestrale vidée,Poisson vidé,1
Mesure de Poivre,Poudre,1
Farine de Seigle Magique,Farine,1
Poire,Fruit,1
Carte de Kwelsh,Ressources diverses,1
Potion de métal précieux liquide,Potion de forgemagie,1
Peluche du Bouftou Royal,Peluche,1
Peluche du Dopeul Ecaflip,Peluche,1
Peluche du Dopeul Crâ,Peluche,1
Ballon vert,Ressources diverses,1
Peluche du Mulou,Peluche,1
Fantôme de Wabbit,Fantôme de Familier,1
Fantôme de Bwak de Terre,Fantôme de Familier,1
Fantôme de Nomoon,Fantôme de Familier,1
Fantôme de Croum,Fantôme de Familier,1
Fantôme de Marcassin,Fantôme de Familier,1
Peluche du Dopeul Pandawa,Peluche,1
Fantôme de Bworky,Fantôme de Familier,1
Fantôme Bébé Pandawa,Fantôme de Familier,1
Crâne d'Eniripsa,Os,1
Crâne de Sadida,Os,1
Teinture Orange Sanguine,Teinture,1
Poudre de Créatoune,Poudre,1
Hormone de Bwak,Poudre,1
Hormone de Chacha Angora,Poudre,1
Hormone d'Ecureuil Chenapan,Poudre,1
Hormone de Nomoon,Poudre,1
Hormone de Petit Chienchien Noir,Poudre,1
Hormone de Ross,Poudre,1
Hormone de Willy le Relou,Poudre,1
Hormone de Shushu de Rushu,Poudre,1
Fantôme de Meuch,Fantôme de Familier,1
Fantôme de Tofoudre,Fantôme de Familier,1
Fantôme de Pykur,Fantôme de Familier,1
Hormone de Chauffe-souris Délavée,Poudre,1
Hormone de Givrefoux,Poudre,1
Hormone de Gwo Tofu Ventripotent,Poudre,1
Hormone de Platypus,Poudre,1
Hormone de Tofüm,Poudre,1
Hormone de Dragouf,Poudre,1
Kœur en Plastique,Souvenir,1
Cristal de Vie et de Prospérité,Souvenir,1
Emballage de félicitations,Emballage,1
Emballage d'affection,Emballage,1
Emballage de tendresse,Emballage,1
Fantôme de Tofu Givré,Fantôme de Familier,1
Hormone de Tofu Givré,Poudre,1
Fantôme de Ploup,Fantôme de Familier,1
Hormone de Kroliméa,Poudre,1
Hormone de Sakochère,Poudre,1
Fantôme de Kafarce,Fantôme de Familier,1
Fantôme de Kokulte,Fantôme de Familier,1
Fantôme de Toukancre,Fantôme de Familier,1
Fantôme de Boskito,Fantôme de Familier,1
Hormone de Boskito,Poudre,1
Hormone de Tofu Mesuré,Poudre,1
Hormone de Tofu Ventru,Poudre,1
Hormone de Tofu Brakmarien,Poudre,1
Fantôme de Boune Mesuré,Fantôme de Familier,1
Hormone de Boune Mesuré,Poudre,1
Fantôme de Boune Poisseux,Fantôme de Familier,1
Hormone de Boune Poisseux,Poudre,1
Hormone de Boune Bontarien,Poudre,1
Hormone de Boune Ventru,Poudre,1
Hormone de Chacha Poisseux,Poudre,1
Hormone de Brâkarien,Poudre,1
Fantôme de Titcham,Fantôme de Familier,1
Hormone de Titcham,Poudre,1
Fantôme de Titard,Fantôme de Familier,1
Fantôme de Bounax,Fantôme de Montilier,1
Hormone de Homlett,Poudre,1
Fantôme de Godron Bontarien,Fantôme de Familier,1
Fantôme de Godron Ventru,Fantôme de Familier,1
Hormone de Kougnard,Poudre,1
Fantôme de Pholaine,Fantôme de Montilier,1
Hormone de Pholaine,Poudre,1
Fantôme de Rakariatre,Fantôme de Montilier,1
Hormone de Surime,Poudre,1
Hormone de Mécaphor,Poudre,1
Hormone de Mosk,Poudre,1
Fantôme de Dauge,Fantôme de Familier,1
Fantôme de Chauffe-souris d'Halouine,Fantôme de Familier,1
Fantôme de Kompost,Fantôme de Montilier,1
Hormone de Serpiplume apprivoisé,Poudre,1
Bois de Frêne,Bois,1
Planche en Frêne,Planche,1
Greu-Vette,Poisson,1
Truite Vaseuse,Poisson,1
Farine de Lin,Farine,1
Os taillé,Os,1
Kama énigmatique,Ressources diverses,1
Tube longiforme,Matériel d'alchimie,1
Symbole de l'étrange,Ressources diverses,1
Guildalogemme,Pierre précieuse,1
Sphère à Metarias,Metaria,1
Poisson Igloo vidé,Poisson vidé,1
Chair de Larve,Viande,1
Oignon,Légume,1
Poudre Temporelle,Poudre,1
Viande d'Oiseau Conservée,Viande conservée,1
Chair d'Insecte Conservée,Viande conservée,1
Farine d'Orge en Sucre,Farine,1
Aliment inconnu,Ressources diverses,1
Pastèque de voyage,Fruit,1
Potion de Copeaux de Bois Rares,Potion de forgemagie,1
Poudre d'Artifice,Poudre,1
Peluche du Dopeul Iop,Peluche,1
Peluche du Dopeul Osamodas,Peluche,1
Peluche du Tofu,Peluche,1
Peluche du Wabbit,Peluche,1
Ballon bleu,Ressources diverses,1
Fantôme de Bwak de Feu,Fantôme de Familier,1
Fantôme de Bwak d'Eau,Fantôme de Familier,1
Fantôme de Péki,Fantôme de Familier,1
Fantôme de Petit Chienchien Noir,Fantôme de Familier,1
Fantôme de Bilby,Fantôme de Familier,1
Fantôme de Pioute Rose,Fantôme de Familier,1
Fantôme d'Abra Kadabra,Fantôme de Familier,1
Fantôme de Tifoux,Fantôme de Familier,1
Fantôme Fëanor,Fantôme de Familier,1
Crâne de Sram,Os,1
Crâne de Xélor,Os,1
Crâne d'Ecaflip,Os,1
Fantôme Marcassin de combat,Fantôme de Familier,1
Fantôme Tiwabbit Kiafin,Fantôme de Familier,1
Fantôme Dragoune Noire,Fantôme de Familier,1
Fantôme de Shushu de Rushu,Fantôme de Familier,1
Hormone de Bworky,Poudre,1
Hormone de Chacha,Poudre,1
Hormone de Koalak Sanguin,Poudre,1
Hormone de Kouin-Kouin,Poudre,1
Hormone de Péki,Poudre,1
Hormone de Vilain Petit Corbac,Poudre,1
Hormone de Miniminotot,Poudre,1
Hormone de Tiwabbit Kiafin,Poudre,1
Hormone de Dragoune Noire,Poudre,1
Fantôme de Dragoune Dorée,Fantôme de Familier,1
Hormone de Raknaille,Poudre,1
Fantôme de Chauffe-souris Délavée,Fantôme de Familier,1
Hormone de Tifoux Tigré,Poudre,1
Fantôme de Cromeugnon,Fantôme de Familier,1
Fantôme d'Ecumouth,Fantôme de Familier,1
Fantôme de Platypus,Fantôme de Familier,1
Hormone de Serpète,Poudre,1
Fantôme de Tofüm,Fantôme de Familier,1
Fantôme de Dragouf,Fantôme de Montilier,1
Emballage d'excuses,Emballage,1
Emballage d'amitié,Emballage,1
Emballage de fraternité,Emballage,1
Hormone de Hurledent,Poudre,1
Hormone de Meulourd,Poudre,1
Fantôme de Sakochère,Fantôme de Montilier,1
Hormone de Kafarce,Poudre,1
Hormone d'Abra Kadabra,Poudre,1
Hormone d'El Scarador,Poudre,1
Fantôme de Tofu Poisseux,Fantôme de Familier,1
Fantôme de Tofu Charmant,Fantôme de Familier,1
Hormone de Chacha Brakmarien,Poudre,1
Fantôme de Chacha Bontarien,Fantôme de Familier,1
Fantôme de Chacha Ventru,Fantôme de Familier,1
Fantôme de Tirubim,Fantôme de Familier,1
Hormone de Titard,Poudre,1
Fantôme de Chacharge,Fantôme de Montilier,1
Fantôme de Tofureur,Fantôme de Montilier,1
Fantôme de Godron Brâkmarien,Fantôme de Familier,1
Fantôme de Godron Charmant,Fantôme de Familier,1
Fantôme de Chaperlipopette,Fantôme de Familier,1
Hormone de Dauge,Poudre,1
Fantôme de Eliôme,Fantôme de Familier,1
Hormone de Racoune,Poudre,1
Hormone de Kometh,Poudre,1
Fantôme de Mandrog,Fantôme de Familier,1
Fantôme de Kokiroule,Fantôme de Familier,1
Artefact Élémentaire Terre,Pierre précieuse,1
Artefact Élémentaire Feu,Pierre précieuse,1
Matériau d'éveil Feu,Matériau d'Éveil,1
Matériau d'éveil Terre,Matériau d'Éveil,1
Matériau d'éveil Air,Matériau d'Éveil,1
Huile de Sésame,Huile,1
Farine de Seigle,Farine,1
Farine d'Avoine,Farine,1
Pomme de Terre,Légume,1
Tonneau vide,Ressources diverses,1
Silex Sanglant,Pierre brute,1
Potion d'Etincelle,Potion de forgemagie,1
Verveine,Plante,1
Grande fiole,Matériel d'alchimie,1
Fiole à élément,Matériel d'alchimie,1
Bon 2000 Kek,Ressources diverses,1
Bon 10000 Kek,Ressources diverses,1
Mesure de sel,Poudre,1
Crabe Sourimi exotique vidé,Poisson vidé,1
Poisson-Tigre,Poisson,1
Poisson Tigre vidé,Poisson vidé,1
Greu-vette vidée,Poisson vidé,1
Goujon vidé,Poisson vidé,1
Greu-vette Horreur,Poisson,1
Goujon Kiye,Poisson,1
Chair de Larve Conservée,Viande conservée,1
Farine d'Avoine Aurifère,Farine,1
Feuille de ronce d'Hestia,Plante,1
Potion de métal liquide,Potion de forgemagie,1
Potion de Copeaux de Bois,Potion de forgemagie,1
Peluche du Bouftou,Peluche,1
Peluche du Sanglier,Peluche,1
Peluche du Champ,Peluche,1
Fantôme de Kouin-Kouin,Fantôme de Familier,1
Fantôme de Petit Chacha Blanc,Fantôme de Familier,1
Fantôme de Fotome,Fantôme de Familier,1
Fantôme de Dragoune Rose,Fantôme de Familier,1
Fantôme de Léopardo,Fantôme de Familier,1
Fantôme de Pioute Bleu,Fantôme de Familier,1
Fantôme de Pioute Jaune,Fantôme de Familier,1
Fantôme de Pioute Rouge,Fantôme de Familier,1
Fantôme de Pioute Vert,Fantôme de Familier,1
Fantôme de Pioute Violet,Fantôme de Familier,1
Fantôme de Willy le Relou,Fantôme de Familier,1
Jeton du Maître de Jeu,Ressources diverses,1
Fantôme de Koalak Sanguin,Fantôme de Familier,1
Gratrooll,Huile,1
Fantôme Ross,Fantôme de Familier,1
Crâne d'Osamodas,Os,1
Crâne de Pandawa,Os,1
Fantôme Miniminotot,Fantôme de Familier,1
Fantôme Crocodaille,Fantôme de Familier,1
Fantôme de Vampyrette,Fantôme de Familier,1
Fantôme de Chauffe-souris,Fantôme de Familier,1
Orbe reconstituant,Pierre précieuse,1
Hormone de Bébé Pandawa,Poudre,1
Hormone de Léopardo,Poudre,1
Hormone de Mini Wa,Poudre,1
Hormone de Pykur,Poudre,1
Fantôme de Kouin-Kouin Noir,Fantôme de Familier,1
Hormone de Chienchien Tigré,Poudre,1
Hormone de Kouin-Kouin Noir,Poudre,1
Fantôme de Médugivre,Fantôme de Familier,1
Crâne de Zobal,Os,1
Relique du Cimetière des Os Posés,Souvenir,1
Flocon de Neige,Nowel,1
Emballage d'anniversaire,Emballage,1
Emballage d'amour,Emballage,1
Hormone de Sourisette,Poudre,1
Fantôme de Rauleur,Fantôme de Familier,1
Hormone de Balafreux,Poudre,1
Hormone de Bulbouture,Poudre,1
Hormone de Toukancre,Poudre,1
Fantôme de Fosfo,Fantôme de Familier,1
Hormone de Bouloute,Poudre,1
Hormone de Dragoune,Poudre,1
Hormone de Tifoux,Poudre,1
Fantôme de Tofu Mesuré,Fantôme de Familier,1
Fantôme de Tofu Ventru,Fantôme de Familier,1
Hormone de Tofu Poisseux,Poudre,1
Hormone de Tofu Charmant,Poudre,1
Hormone de Boune Charmant,Poudre,1
Fantôme de Boune Brakmarien,Fantôme de Familier,1
Hormone de Boune Brakmarien,Poudre,1
Fantôme de Boune Ventru,Fantôme de Familier,1
Fantôme de Chacha Charmant,Fantôme de Familier,1
